AddLimit,1625000
AddLimit,12700
AddLimit,5400
AddLimit,6400
AddLimit,2000
AddLimit,2900
AddLimit,2800
AddLimit,3100
AddLimit,3000
AddLimit,2900
AddLimit,3200
AddLimit,3200
AddLimit,2900
AddLimit,6300
AddLimit,4600
AddLimit,3200
AddLimit,3000
AddLimit,3100
AddLimit,2900
AddLimit,3200
AddLimit,3400
AddLimit,3200
AddLimit,5100
AddLimit,3300
AddLimit,3500
AddLimit,3700
AddLimit,3600
AddLimit,3600
AddLimit,2000
AddLimit,4600
AddLimit,3800
AddLimit,3600
AddLimit,2100
AddLimit,3400
AddLimit,3300
AddLimit,15900
AddLimit,4000
AddLimit,5900
AddLimit,3700
AddLimit,3300
AddLimit,2100
AddLimit,3700
AddLimit,3500
AddLimit,3700
AddLimit,3800
AddLimit,4000
AddLimit,4100
AddLimit,4200
AddLimit,4400
AddLimit,3900
AddLimit,3900
AddLimit,4000
AddLimit,1900
AddLimit,3800
AddLimit,2000
AddLimit,3900
AddLimit,3800
AddLimit,4000
AddLimit,3600
AddLimit,8100
AddLimit,6600
AddLimit,3900
AddLimit,4000
AddLimit,3800
AddLimit,2100
AddLimit,5700
AddLimit,4600
AddLimit,4200
AddLimit,5100
AddLimit,4400
AddLimit,1900
AddLimit,2400
AddLimit,6800
AddLimit,3400
AddLimit,5400
AddLimit,18700
AddLimit,4900
AddLimit,4200
AddLimit,4200
AddLimit,4600
AddLimit,2000
AddLimit,4800
AddLimit,1900
AddLimit,2400
AddLimit,4400
AddLimit,1900
AddLimit,2000
AddLimit,4900
AddLimit,1900
AddLimit,1900
AddLimit,1900
AddLimit,5300
AddLimit,4500
AddLimit,3800
AddLimit,1900
AddLimit,4400
AddLimit,4200
AddLimit,1900
AddLimit,4900
AddLimit,5000
AddLimit,4500
AddLimit,4600
AddLimit,4900
AddLimit,4300
AddLimit,4300
AddLimit,2100
AddLimit,6800
AddLimit,5300
AddLimit,5300
AddLimit,2000
AddLimit,4400
AddLimit,1900
AddLimit,2200
AddLimit,5200
AddLimit,5200
AddLimit,5000
AddLimit,1900
AddLimit,5200
AddLimit,5500
AddLimit,4900
AddLimit,2300
AddLimit,4600
AddLimit,5700
AddLimit,1900
AddLimit,8200
AddLimit,6200
AddLimit,6500
AddLimit,13500
AddLimit,3800
AddLimit,7000
AddLimit,11000
AddLimit,4900
AddLimit,2700
AddLimit,2100
AddLimit,6200
AddLimit,2000
AddLimit,5600
AddLimit,2000
AddLimit,1900
AddLimit,1900
AddLimit,2000
AddLimit,1900
AddLimit,2200
AddLimit,4700
AddLimit,2700
AddLimit,5400
AddLimit,20700
AddLimit,2200
AddLimit,1900
AddLimit,6100
AddLimit,11800
AddLimit,1900
AddLimit,2100
AddLimit,6000
AddLimit,5400
AddLimit,2200
AddLimit,2700
AddLimit,4900
AddLimit,5200
AddLimit,1900
AddLimit,5500
AddLimit,2000
AddLimit,12000
AddLimit,2400
AddLimit,2000
AddLimit,1900
AddLimit,11200
AddLimit,5000
AddLimit,3600
AddLimit,20300
AddLimit,7500
AddLimit,5700
AddLimit,2000
AddLimit,1900
AddLimit,2100
AddLimit,5300
AddLimit,3900
AddLimit,2600
AddLimit,2000
AddLimit,2100
AddLimit,1800
AddLimit,2000
AddLimit,6300
AddLimit,1900
AddLimit,2200
AddLimit,6200
AddLimit,5900
AddLimit,2000
AddLimit,6000
AddLimit,2400
AddLimit,3700
AddLimit,2000
AddLimit,2200
AddLimit,5400
AddLimit,5700
AddLimit,2100
AddLimit,2000
AddLimit,2100
AddLimit,2100
AddLimit,2000
AddLimit,6100
AddLimit,60800
AddLimit,8300
AddLimit,2500
AddLimit,1900
AddLimit,5900
AddLimit,5600
AddLimit,1900
AddLimit,1500
AddLimit,1700
AddLimit,4900
AddLimit,4800
AddLimit,1600
AddLimit,5100
AddLimit,1500
AddLimit,5200
AddLimit,1600
AddLimit,1500
AddLimit,4800
AddLimit,1500
AddLimit,1700
AddLimit,1900
AddLimit,1600
AddLimit,1600
AddLimit,4600
AddLimit,1500
AddLimit,1500
AddLimit,4500
AddLimit,1700
AddLimit,1700
AddLimit,4600
AddLimit,4600
AddLimit,1700
AddLimit,4800
AddLimit,6100
AddLimit,5300
AddLimit,6500
AddLimit,1900
AddLimit,1600
AddLimit,1600
AddLimit,1700
AddLimit,1500
AddLimit,5100
AddLimit,1600
AddLimit,1500
AddLimit,1600
AddLimit,1500
AddLimit,1500
AddLimit,1700
AddLimit,1500
AddLimit,1600
AddLimit,4800
AddLimit,1600
AddLimit,5000
AddLimit,1500
AddLimit,4500
AddLimit,2000
AddLimit,15700
AddLimit,1700
AddLimit,4800
AddLimit,1600
AddLimit,1600
AddLimit,5500
AddLimit,4900
AddLimit,1600
AddLimit,1600
AddLimit,1600
AddLimit,1600
AddLimit,1500
AddLimit,1500
AddLimit,5100
AddLimit,1600
AddLimit,1700
AddLimit,1700
AddLimit,1600
AddLimit,6000
AddLimit,5000
AddLimit,1600
AddLimit,1400
AddLimit,1600
AddLimit,15800
AddLimit,1500
AddLimit,1700
AddLimit,2400
AddLimit,1600
AddLimit,6100
AddLimit,5300
AddLimit,1700
AddLimit,1800
AddLimit,1600
AddLimit,1500
AddLimit,5300
AddLimit,4700
AddLimit,1600
AddLimit,1600
AddLimit,1600
AddLimit,1700
AddLimit,1500
AddLimit,1500
AddLimit,1600
AddLimit,1500
AddLimit,1500
AddLimit,4800
AddLimit,5400
AddLimit,1700
AddLimit,5300
AddLimit,1600
AddLimit,1500
AddLimit,1500
AddLimit,1500
AddLimit,5400
AddLimit,4700
AddLimit,1600
AddLimit,1500
AddLimit,1600
AddLimit,1800
AddLimit,1500
AddLimit,1600
AddLimit,5300
AddLimit,5200
AddLimit,1800
AddLimit,5000
AddLimit,1600
AddLimit,1500
AddLimit,1600
AddLimit,5300
AddLimit,1600
AddLimit,5700
AddLimit,1600
AddLimit,10900
AddLimit,3500
AddLimit,1700
AddLimit,1600
AddLimit,1500
AddLimit,5800
AddLimit,1600
AddLimit,1700
AddLimit,6200
AddLimit,2000
AddLimit,1500
AddLimit,5400
AddLimit,5400
AddLimit,5900
AddLimit,5600
AddLimit,1700
AddLimit,1600
AddLimit,1500
AddLimit,6100
AddLimit,5800
AddLimit,1600
AddLimit,1600
AddLimit,1500
AddLimit,1700
AddLimit,1500
AddLimit,1500
AddLimit,1500
AddLimit,6000
AddLimit,1800
AddLimit,5500
AddLimit,1600
AddLimit,1700
AddLimit,1600
AddLimit,1400
AddLimit,1500
AddLimit,1500
AddLimit,1500
AddLimit,1500
AddLimit,1500
AddLimit,1700
AddLimit,1500
AddLimit,1500
AddLimit,1600
AddLimit,1600
AddLimit,1500
AddLimit,6100
AddLimit,1500
AddLimit,1600
AddLimit,1500
AddLimit,1600
AddLimit,5900
AddLimit,1600
AddLimit,1600
AddLimit,1500
AddLimit,1600
AddLimit,2000
AddLimit,1500
AddLimit,5900
AddLimit,1500
AddLimit,1500
AddLimit,1500
AddLimit,1500
AddLimit,1600
AddLimit,1700
AddLimit,1500
AddLimit,1500
AddLimit,1400
AddLimit,1600
AddLimit,1500
AddLimit,6200
AddLimit,1500
AddLimit,1700
AddLimit,1500
AddLimit,1600
AddLimit,1500
AddLimit,1500
AddLimit,1500
AddLimit,5200
AddLimit,1600
AddLimit,1700
AddLimit,6300
AddLimit,1600
AddLimit,1400
AddLimit,1500
AddLimit,1500
AddLimit,1700
AddLimit,1600
AddLimit,1700
AddLimit,1700
AddLimit,1500
AddLimit,6000
AddLimit,1500
AddLimit,1500
AddLimit,1500
AddLimit,1500
AddLimit,1600
AddLimit,6400
AddLimit,1500
AddLimit,1600
AddLimit,1500
AddLimit,1400
AddLimit,5600
AddLimit,1400
AddLimit,1700
AddLimit,1900
AddLimit,1500
AddLimit,1600
AddLimit,1700
AddLimit,11800
AddLimit,1800
AddLimit,1500
AddLimit,1600
AddLimit,1500
AddLimit,1400
AddLimit,1500
AddLimit,1400
AddLimit,1500
AddLimit,1500
AddLimit,6700
AddLimit,1600
AddLimit,1700
AddLimit,1700
AddLimit,1700
AddLimit,1600
AddLimit,1500
AddLimit,1500
AddLimit,1600
AddLimit,1700
AddLimit,1400
AddLimit,1600
AddLimit,6300
AddLimit,1500
AddLimit,1500
AddLimit,6000
AddLimit,6100
AddLimit,1600
AddLimit,1600
AddLimit,1600
AddLimit,1800
AddLimit,1700
AddLimit,6000
AddLimit,1700
AddLimit,1900
AddLimit,1700
AddLimit,1500
AddLimit,1500
AddLimit,1600
AddLimit,1600
AddLimit,1500
AddLimit,1600
AddLimit,1500
AddLimit,1700
AddLimit,1500
AddLimit,1600
AddLimit,1400
AddLimit,1600
AddLimit,6500
AddLimit,1600
AddLimit,1500
AddLimit,1700
AddLimit,6200
AddLimit,6200
AddLimit,5800
AddLimit,3900
AddLimit,1700
AddLimit,6300
AddLimit,1600
AddLimit,1800
AddLimit,6400
AddLimit,6200
AddLimit,2100
AddLimit,1800
AddLimit,1700
AddLimit,1600
AddLimit,1600
AddLimit,1800
AddLimit,1900
AddLimit,1500
AddLimit,1500
AddLimit,1500
AddLimit,1600
AddLimit,1500
AddLimit,1700
AddLimit,1700
AddLimit,6600
AddLimit,1600
AddLimit,1500
AddLimit,1500
AddLimit,1500
AddLimit,1700
AddLimit,1600
AddLimit,1700
AddLimit,1600
AddLimit,1600
AddLimit,6700
AddLimit,1600
AddLimit,6200
AddLimit,1700
AddLimit,1500
AddLimit,1600
AddLimit,1400
AddLimit,6300
AddLimit,1600
AddLimit,1500
AddLimit,1500
AddLimit,6700
AddLimit,1500
AddLimit,1600
AddLimit,1500
AddLimit,1500
AddLimit,1600
AddLimit,1500
AddLimit,30800
AddLimit,1700
AddLimit,1600
AddLimit,1800
AddLimit,8600
AddLimit,1700
AddLimit,1700
AddLimit,1600
AddLimit,1500
AddLimit,1700
AddLimit,1500
AddLimit,1700
AddLimit,1700
AddLimit,5800
AddLimit,1500
AddLimit,1700
AddLimit,1500
AddLimit,1600
AddLimit,1600
AddLimit,1500
AddLimit,1600
AddLimit,6700
AddLimit,1500
AddLimit,1500
AddLimit,1500
AddLimit,1600
AddLimit,1500
AddLimit,1700
AddLimit,1700
AddLimit,1500
AddLimit,1600
AddLimit,1600
AddLimit,1700
AddLimit,1600
AddLimit,1500
AddLimit,1700
AddLimit,4100
AddLimit,1800
AddLimit,1500
AddLimit,1600
AddLimit,1600
AddLimit,1600
AddLimit,1500
AddLimit,1900
AddLimit,1600
AddLimit,1500
AddLimit,1600
AddLimit,1500
AddLimit,1600
AddLimit,1600
AddLimit,1600
AddLimit,1700
AddLimit,1500
AddLimit,1500
AddLimit,1500
AddLimit,1500
AddLimit,1600
AddLimit,1500
AddLimit,1600
AddLimit,1600
AddLimit,1500
AddLimit,1500
AddLimit,1600
AddLimit,1600
AddLimit,1500
AddLimit,1500
AddLimit,1600
AddLimit,6800
AddLimit,1600
AddLimit,1500
AddLimit,1500
AddLimit,1600
AddLimit,1600
AddLimit,1500
AddLimit,1500
AddLimit,1600
AddLimit,6500
AddLimit,1600
AddLimit,1600
AddLimit,1500
AddLimit,6500
AddLimit,6700
AddLimit,1600
AddLimit,1600
AddLimit,1500
AddLimit,1500
AddLimit,1600
AddLimit,1500
AddLimit,1500
AddLimit,1400
AddLimit,1600
AddLimit,1600
AddLimit,1400
AddLimit,1600
AddLimit,1500
AddLimit,1600
AddLimit,6600
AddLimit,6900
AddLimit,1600
AddLimit,1700
AddLimit,1500
AddLimit,6600
AddLimit,1600
AddLimit,1800
AddLimit,1500
AddLimit,1600
AddLimit,1500
AddLimit,1700
AddLimit,1500
AddLimit,1500
AddLimit,6400
AddLimit,1600
AddLimit,1500
AddLimit,1500
AddLimit,7000
AddLimit,1600
AddLimit,1700
AddLimit,5500
AddLimit,1500
AddLimit,1600
AddLimit,1500
AddLimit,3200
AddLimit,1500
AddLimit,1700
AddLimit,1700
AddLimit,2200
AddLimit,2300
AddLimit,2400
AddLimit,2400
AddLimit,2400
AddLimit,2400
AddLimit,2300
AddLimit,10600
AddLimit,2100
AddLimit,2000
AddLimit,9300
AddLimit,2200
AddLimit,1900
AddLimit,9600
AddLimit,2100
AddLimit,1900
AddLimit,1900
AddLimit,1900
AddLimit,1800
AddLimit,1900
AddLimit,2000
AddLimit,2000
AddLimit,2100
AddLimit,1900
AddLimit,2300
AddLimit,2000
AddLimit,2000
AddLimit,2000
AddLimit,2000
AddLimit,2000
AddLimit,2000
AddLimit,1800
AddLimit,2000
AddLimit,2100
AddLimit,2100
AddLimit,2000
AddLimit,2000
AddLimit,1900
AddLimit,2200
AddLimit,2000
AddLimit,1900
AddLimit,1900
AddLimit,1900
AddLimit,1900
AddLimit,1900
AddLimit,2300
AddLimit,2000
AddLimit,1900
AddLimit,2200
AddLimit,2100
AddLimit,2100
AddLimit,1900
AddLimit,2000
AddLimit,10000
AddLimit,2100
AddLimit,2100
AddLimit,2000
AddLimit,1900
AddLimit,1900
AddLimit,2000
AddLimit,8700
AddLimit,2000
AddLimit,2000
AddLimit,2000
AddLimit,2000
AddLimit,2200
AddLimit,2000
AddLimit,1900
AddLimit,1900
AddLimit,1900
AddLimit,2200
AddLimit,2200
AddLimit,2000
AddLimit,2000
AddLimit,1900
AddLimit,1900
AddLimit,2000
AddLimit,1900
AddLimit,2100
AddLimit,1900
AddLimit,2000
AddLimit,2000
AddLimit,12100
AddLimit,9300
AddLimit,2000
AddLimit,2000
AddLimit,2300
AddLimit,2100
AddLimit,1900
AddLimit,2000
AddLimit,2000
AddLimit,1900
AddLimit,1800
AddLimit,1800
AddLimit,2100
AddLimit,1900
AddLimit,1900
AddLimit,2000
AddLimit,2000
AddLimit,1900
AddLimit,2000
AddLimit,1900
AddLimit,2200
AddLimit,2000
AddLimit,2000
AddLimit,1900
AddLimit,1900
AddLimit,9000
AddLimit,2600
AddLimit,14600
AddLimit,2100
AddLimit,1900
AddLimit,2000
AddLimit,1900
AddLimit,1900
AddLimit,2000
AddLimit,2100
AddLimit,1900
AddLimit,2100
AddLimit,2000
AddLimit,9400
AddLimit,1900
AddLimit,1900
AddLimit,2000
AddLimit,1900
AddLimit,2000
AddLimit,2100
AddLimit,2000
AddLimit,1900
AddLimit,2000
AddLimit,2000
AddLimit,1900
AddLimit,2000
AddLimit,2200
AddLimit,2000
AddLimit,1900
AddLimit,2000
AddLimit,2000
AddLimit,2000
AddLimit,2100
AddLimit,2000
AddLimit,2200
AddLimit,9800
AddLimit,5000
AddLimit,2800
AddLimit,51600
AddLimit,9700
AddLimit,3500
AddLimit,3700
AddLimit,2600
AddLimit,2800
AddLimit,14000
AddLimit,2300
AddLimit,2600
AddLimit,2000
AddLimit,2100
AddLimit,2200
AddLimit,2100
AddLimit,2200
AddLimit,2600
AddLimit,2000
AddLimit,2200
AddLimit,2600
AddLimit,2300
AddLimit,2200
AddLimit,2000
AddLimit,2400
AddLimit,8200
AddLimit,2300
AddLimit,2200
AddLimit,2100
AddLimit,2500
AddLimit,1800
AddLimit,2000
AddLimit,15900
AddLimit,2300
AddLimit,2400
AddLimit,2000
AddLimit,3000
AddLimit,2000
AddLimit,2100
AddLimit,2400
AddLimit,2200
AddLimit,10300
AddLimit,2100
AddLimit,2200
AddLimit,2100
AddLimit,1900
AddLimit,2300
AddLimit,2000
AddLimit,2100
AddLimit,2100
AddLimit,2200
AddLimit,1900
AddLimit,2700
AddLimit,2200
AddLimit,2400
AddLimit,2000
AddLimit,2100
AddLimit,2100
AddLimit,2100
AddLimit,2000
AddLimit,1900
AddLimit,2400
AddLimit,2000
AddLimit,2100
AddLimit,2100
AddLimit,2200
AddLimit,1900
AddLimit,2000
AddLimit,2100
AddLimit,2300
AddLimit,2500
AddLimit,1900
AddLimit,2000
AddLimit,2800
AddLimit,1900
AddLimit,2100
AddLimit,2000
AddLimit,1900
AddLimit,1800
AddLimit,2200
AddLimit,2100
AddLimit,2000
AddLimit,1900
AddLimit,2300
AddLimit,1900
AddLimit,1900
AddLimit,2100
AddLimit,2100
AddLimit,2300
AddLimit,2200
AddLimit,2100
AddLimit,2300
AddLimit,2100
AddLimit,9000
AddLimit,2000
AddLimit,1800
AddLimit,2300
AddLimit,2000
AddLimit,2000
AddLimit,1900
AddLimit,2000
AddLimit,2600
AddLimit,1900
AddLimit,2100
AddLimit,2100
AddLimit,2300
AddLimit,2000
AddLimit,1900
AddLimit,2000
AddLimit,1900
AddLimit,5300
AddLimit,2000
AddLimit,2300
AddLimit,1900
AddLimit,2100
AddLimit,1900
AddLimit,2000
AddLimit,2200
AddLimit,1900
AddLimit,2000
AddLimit,2000
AddLimit,2100
AddLimit,2300
AddLimit,1900
AddLimit,2200
AddLimit,2000
AddLimit,2200
AddLimit,2200
AddLimit,2100
AddLimit,2100
AddLimit,2100
AddLimit,2200
AddLimit,2000
AddLimit,1900
AddLimit,1900
AddLimit,2100
AddLimit,2200
AddLimit,2200
AddLimit,2000
AddLimit,1900
AddLimit,2000
AddLimit,2000
AddLimit,1800
AddLimit,24600
AddLimit,2400
AddLimit,2100
AddLimit,1900
AddLimit,1800
AddLimit,2000
AddLimit,1900
AddLimit,1900
AddLimit,2000
AddLimit,2300
AddLimit,11700
AddLimit,2000
AddLimit,2100
AddLimit,2100
AddLimit,9100
AddLimit,2100
AddLimit,1800
AddLimit,2000
AddLimit,2200
AddLimit,2000
AddLimit,2000
AddLimit,2200
AddLimit,2000
AddLimit,2300
AddLimit,1900
AddLimit,2100
AddLimit,2300
AddLimit,1800
AddLimit,2000
AddLimit,1900
AddLimit,2000
AddLimit,1900
AddLimit,1900
AddLimit,2400
AddLimit,2000
AddLimit,1900
AddLimit,1900
AddLimit,2000
AddLimit,1800
AddLimit,1900
AddLimit,1900
AddLimit,2100
AddLimit,2100
AddLimit,1900
AddLimit,2000
AddLimit,9100
AddLimit,1900
AddLimit,1900
AddLimit,2200
AddLimit,2000
AddLimit,2000
AddLimit,1900
AddLimit,2000
AddLimit,4600
AddLimit,2400
AddLimit,2300
AddLimit,2100
AddLimit,9300
AddLimit,2200
AddLimit,2000
AddLimit,2100
AddLimit,2000
AddLimit,2000
AddLimit,1900
AddLimit,2700
AddLimit,16000
AddLimit,2000
AddLimit,2300
AddLimit,2000
AddLimit,2100
AddLimit,2000
AddLimit,1900
AddLimit,2200
AddLimit,2100
AddLimit,2100
AddLimit,1900
AddLimit,2300
AddLimit,1900
AddLimit,9900
AddLimit,2000
AddLimit,2300
AddLimit,2100
AddLimit,2100
AddLimit,2000
AddLimit,1900
AddLimit,2200
AddLimit,2000
AddLimit,2200
AddLimit,2200
AddLimit,2000
AddLimit,2000
AddLimit,10000
AddLimit,2000
AddLimit,1900
AddLimit,1900
AddLimit,9600
AddLimit,2300
AddLimit,2200
AddLimit,2000
AddLimit,2100
AddLimit,2000
AddLimit,9800
AddLimit,2000
AddLimit,1900
AddLimit,2100
AddLimit,1900
AddLimit,1900
AddLimit,1900
AddLimit,1900
AddLimit,1900
AddLimit,2100
AddLimit,2000
AddLimit,1900
AddLimit,2200
AddLimit,2100
AddLimit,1900
AddLimit,2100
AddLimit,2100
AddLimit,1800
AddLimit,2000
AddLimit,10400
AddLimit,2000
AddLimit,2000
AddLimit,2200
AddLimit,2000
AddLimit,1900
AddLimit,2100
AddLimit,1900
AddLimit,2300
AddLimit,2100
AddLimit,2200
AddLimit,2000
AddLimit,2100
AddLimit,2100
AddLimit,1900
AddLimit,9400
AddLimit,2000
AddLimit,2000
AddLimit,5300
AddLimit,2100
AddLimit,2300
AddLimit,2700
AddLimit,2000
AddLimit,2400
AddLimit,2000
AddLimit,2300
AddLimit,2100
AddLimit,1900
AddLimit,2000
AddLimit,2200
AddLimit,2100
AddLimit,1900
AddLimit,1900
AddLimit,10200
AddLimit,2200
AddLimit,2000
AddLimit,1800
AddLimit,1900
AddLimit,79000
AddLimit,2200
AddLimit,1800
AddLimit,2100
AddLimit,1900
AddLimit,2100
AddLimit,1900
AddLimit,10200
AddLimit,2000
AddLimit,2000
AddLimit,2000
AddLimit,2000
AddLimit,2100
AddLimit,10300
AddLimit,1900
AddLimit,2100
AddLimit,2400
AddLimit,1900
AddLimit,2000
AddLimit,2200
AddLimit,2000
AddLimit,2000
AddLimit,2200
AddLimit,2000
AddLimit,2000
AddLimit,2000
AddLimit,2000
AddLimit,2000
AddLimit,1900
AddLimit,1900
AddLimit,2000
AddLimit,1900
AddLimit,1900
AddLimit,1900
AddLimit,1900
AddLimit,2100
AddLimit,2000
AddLimit,2000
AddLimit,2000
AddLimit,2000
AddLimit,1900
AddLimit,2000
AddLimit,1900
AddLimit,2100
AddLimit,1900
AddLimit,2000
AddLimit,2000
AddLimit,1800
AddLimit,2100
AddLimit,2000
AddLimit,2000
AddLimit,2000
AddLimit,2000
AddLimit,2200
AddLimit,2000
AddLimit,2000
AddLimit,2000
AddLimit,2000
AddLimit,1900
AddLimit,2000
AddLimit,1900
AddLimit,1900
AddLimit,1900
AddLimit,9500
AddLimit,2000
AddLimit,5600
AddLimit,2100
AddLimit,2200
AddLimit,2100
AddLimit,2300
AddLimit,2100
AddLimit,2000
AddLimit,1900
AddLimit,2100
AddLimit,1900
AddLimit,2100
AddLimit,1900
AddLimit,1900
AddLimit,2000
AddLimit,1900
AddLimit,2000
AddLimit,2000
AddLimit,1900
AddLimit,2300
AddLimit,2200
AddLimit,2000
AddLimit,2200
AddLimit,2400
AddLimit,2200
AddLimit,2000
AddLimit,1900
AddLimit,2200
AddLimit,2000
AddLimit,1900
AddLimit,2100
AddLimit,1900
AddLimit,2300
AddLimit,2000
AddLimit,1800
AddLimit,2300
AddLimit,11300
AddLimit,2100
AddLimit,2000
AddLimit,2000
AddLimit,1900
AddLimit,2000
AddLimit,1900
AddLimit,2000
AddLimit,2200
AddLimit,2100
AddLimit,2000
AddLimit,1900
AddLimit,2200
AddLimit,1900
AddLimit,1900
AddLimit,2300
AddLimit,10100
AddLimit,2000
AddLimit,2100
AddLimit,1900
AddLimit,2000
AddLimit,1900
AddLimit,1900
AddLimit,2100
AddLimit,1900
AddLimit,2000
AddLimit,2200
AddLimit,2000
AddLimit,1900
AddLimit,1900
AddLimit,9800
AddLimit,2300
AddLimit,2300
AddLimit,2000
AddLimit,2000
AddLimit,2100
AddLimit,2300
AddLimit,1900
AddLimit,1900
AddLimit,2300
AddLimit,2200
AddLimit,2500
AddLimit,1900
AddLimit,1900
AddLimit,2200
AddLimit,4700
AddLimit,2200
AddLimit,2000
AddLimit,2100
AddLimit,2000
AddLimit,1900
AddLimit,5200
AddLimit,2400
AddLimit,2100
AddLimit,2100
AddLimit,10700
AddLimit,2100
AddLimit,2100
AddLimit,2000
AddLimit,2100
AddLimit,2100
AddLimit,2000
AddLimit,2200
AddLimit,1900
AddLimit,1900
AddLimit,2300
AddLimit,2200
AddLimit,1900
AddLimit,2000
AddLimit,1900
AddLimit,1800
AddLimit,2200
AddLimit,22100
AddLimit,2000
AddLimit,1900
AddLimit,1900
AddLimit,1900
AddLimit,2400
AddLimit,1800
AddLimit,2300
AddLimit,9400
AddLimit,2000
AddLimit,1900
AddLimit,1900
AddLimit,1900
AddLimit,1900
AddLimit,2100
AddLimit,2000
AddLimit,2000
AddLimit,1900
AddLimit,2000
AddLimit,1900
AddLimit,2000
AddLimit,2000
AddLimit,2100
AddLimit,10600
AddLimit,1900
AddLimit,2000
AddLimit,1900
AddLimit,1900
AddLimit,1900
AddLimit,1900
AddLimit,1800
AddLimit,2500
AddLimit,2000
AddLimit,2000
AddLimit,2500
AddLimit,1900
AddLimit,2000
AddLimit,2000
AddLimit,1900
AddLimit,11000
AddLimit,2000
AddLimit,2000
AddLimit,1800
AddLimit,10500
AddLimit,2000
AddLimit,2000
AddLimit,1900
AddLimit,2000
AddLimit,2200
AddLimit,2000
AddLimit,11500
AddLimit,2100
AddLimit,1900
AddLimit,1900
AddLimit,1800
AddLimit,2200
AddLimit,2100
AddLimit,2200
AddLimit,1900
AddLimit,1900
AddLimit,1800
AddLimit,2000
AddLimit,2000
AddLimit,2200
AddLimit,4800
AddLimit,2100
AddLimit,2100
AddLimit,1900
AddLimit,2100
AddLimit,1900
AddLimit,1900
AddLimit,2000
AddLimit,2000
AddLimit,1900
AddLimit,1900
AddLimit,1800
AddLimit,2200
AddLimit,2000
AddLimit,2000
AddLimit,2200
AddLimit,2200
AddLimit,2100
AddLimit,2000
AddLimit,2400
AddLimit,2000
AddLimit,1900
AddLimit,1900
AddLimit,2000
AddLimit,2000
AddLimit,2100
AddLimit,2100
AddLimit,2000
AddLimit,1800
AddLimit,1900
AddLimit,2000
AddLimit,2000
AddLimit,1900
AddLimit,2000
AddLimit,1900
AddLimit,1900
AddLimit,1900
AddLimit,1900
AddLimit,2000
AddLimit,2000
AddLimit,2000
AddLimit,1900
AddLimit,2000
AddLimit,1900
AddLimit,2000
AddLimit,1900
AddLimit,2000
AddLimit,2000
AddLimit,1900
AddLimit,2100
AddLimit,12300
AddLimit,2000
AddLimit,1900
AddLimit,2000
AddLimit,1900
AddLimit,2100
AddLimit,2000
AddLimit,2000
AddLimit,2000
AddLimit,2000
AddLimit,10800
AddLimit,2000
AddLimit,1900
AddLimit,2100
AddLimit,1900
AddLimit,1900
AddLimit,2100
AddLimit,2000
AddLimit,2000
AddLimit,1900
AddLimit,1900
AddLimit,2000
AddLimit,1800
AddLimit,2000
AddLimit,2200
AddLimit,2000
AddLimit,1900
AddLimit,1900
AddLimit,2200
AddLimit,2000
AddLimit,2000
AddLimit,2100
AddLimit,1800
AddLimit,2000
AddLimit,1900
AddLimit,4500
AddLimit,2100
AddLimit,2200
AddLimit,2200
AddLimit,2000
AddLimit,2100
AddLimit,10700
AddLimit,2000
AddLimit,2400
AddLimit,1900
AddLimit,2000
AddLimit,1800
AddLimit,2000
AddLimit,1900
AddLimit,1900
AddLimit,2000
AddLimit,1900
AddLimit,2000
AddLimit,2000
AddLimit,2100
AddLimit,1900
AddLimit,1900
AddLimit,1800
AddLimit,2000
AddLimit,2100
AddLimit,1900
AddLimit,2200
AddLimit,2000
AddLimit,2100
AddLimit,2000
AddLimit,1900
AddLimit,1800
AddLimit,2000
AddLimit,2000
AddLimit,2000
AddLimit,1900
AddLimit,1900
AddLimit,1900
AddLimit,2100
AddLimit,2000
AddLimit,1900
AddLimit,1900
AddLimit,2300
AddLimit,2000
AddLimit,10600
AddLimit,2000
AddLimit,2100
AddLimit,2000
AddLimit,2000
AddLimit,10500
AddLimit,2200
AddLimit,2600
AddLimit,2000
AddLimit,1900
AddLimit,2000
AddLimit,1900
AddLimit,2100
AddLimit,1900
AddLimit,2100
AddLimit,2200
AddLimit,2200
AddLimit,1900
AddLimit,2000
AddLimit,2500
AddLimit,15600
AddLimit,2100
AddLimit,2200
AddLimit,1900
AddLimit,2000
AddLimit,2100
AddLimit,2300
AddLimit,1900
AddLimit,2000
AddLimit,2100
AddLimit,2400
AddLimit,2000
AddLimit,2000
AddLimit,2000
AddLimit,2100
AddLimit,2200
AddLimit,1900
AddLimit,1900
AddLimit,2200
AddLimit,1900
AddLimit,2000
AddLimit,1900
AddLimit,4900
AddLimit,2200
AddLimit,2000
AddLimit,2000
AddLimit,2200
AddLimit,2000
AddLimit,2500
AddLimit,5700
AddLimit,4200
AddLimit,3200
AddLimit,3000
AddLimit,2600
AddLimit,5800
AddLimit,2800
AddLimit,3400
AddLimit,2800
AddLimit,3000
AddLimit,3000
AddLimit,3500
AddLimit,2900
AddLimit,3500
AddLimit,3200
AddLimit,3900
AddLimit,3100
AddLimit,2600
AddLimit,2600
AddLimit,2800
AddLimit,2600
AddLimit,2700
AddLimit,2700
AddLimit,3300
AddLimit,3200
AddLimit,3100
AddLimit,3100
AddLimit,3000
AddLimit,3000
AddLimit,3500
AddLimit,3400
AddLimit,3500
AddLimit,3800
AddLimit,4100
AddLimit,2700
AddLimit,3200
AddLimit,3600
AddLimit,3300
AddLimit,3000
AddLimit,2600
AddLimit,3000
AddLimit,2700
AddLimit,3000
AddLimit,3000
AddLimit,2800
AddLimit,2500
AddLimit,2500
AddLimit,2800
AddLimit,2700
AddLimit,2400
AddLimit,2900
AddLimit,2700
AddLimit,2700
AddLimit,2700
AddLimit,2500
AddLimit,2400
AddLimit,2500
AddLimit,3000
AddLimit,2500
AddLimit,5700
AddLimit,3200
AddLimit,3100
AddLimit,3300
AddLimit,2800
AddLimit,3600
AddLimit,3700
AddLimit,3100
AddLimit,3300
AddLimit,2700
AddLimit,3200
AddLimit,5900
AddLimit,2800
AddLimit,1900
AddLimit,2200
AddLimit,2000
AddLimit,2000
AddLimit,1900
AddLimit,1900
AddLimit,7800
AddLimit,2200
AddLimit,1900
AddLimit,2200
AddLimit,17400
AddLimit,1900
AddLimit,1800
AddLimit,3700
AddLimit,3600
AddLimit,2000
AddLimit,2200
AddLimit,2000
AddLimit,2900
AddLimit,2600
AddLimit,1700
AddLimit,2100
AddLimit,2000
AddLimit,2300
AddLimit,1900
AddLimit,1900
AddLimit,1900
AddLimit,1800
AddLimit,1800
AddLimit,1900
AddLimit,1900
AddLimit,1500
AddLimit,1600
AddLimit,1600
AddLimit,1900
AddLimit,2200
AddLimit,1500
AddLimit,1900
AddLimit,1600
AddLimit,2100
AddLimit,1700
AddLimit,2100
AddLimit,1700
AddLimit,2200
AddLimit,1900
AddLimit,2100
AddLimit,2000
AddLimit,1700
AddLimit,1800
AddLimit,1900
AddLimit,1800
AddLimit,2000
AddLimit,1700
AddLimit,1900
AddLimit,1800
AddLimit,2000
AddLimit,1900
AddLimit,1800
AddLimit,1800
AddLimit,1800
AddLimit,1700
AddLimit,1700
AddLimit,1800
AddLimit,1500
AddLimit,1800
AddLimit,1800
AddLimit,1800
AddLimit,1500
AddLimit,1500
AddLimit,1900
AddLimit,1800
AddLimit,1700
AddLimit,1700
AddLimit,1700
AddLimit,1500
AddLimit,1600
AddLimit,1700
AddLimit,1800
AddLimit,1700
AddLimit,2100
AddLimit,1700
AddLimit,1600
AddLimit,1900
AddLimit,1600
AddLimit,2000
AddLimit,1700
AddLimit,1800
AddLimit,1900
AddLimit,1600
AddLimit,1700
AddLimit,1800
AddLimit,8600
AddLimit,2100
AddLimit,1900
AddLimit,2200
AddLimit,1900
AddLimit,1700
AddLimit,2500
AddLimit,1800
AddLimit,12000
AddLimit,1700
AddLimit,2000
AddLimit,1700
AddLimit,1900
AddLimit,1800
AddLimit,1500
AddLimit,1700
AddLimit,1700
AddLimit,1700
AddLimit,1900
AddLimit,1700
AddLimit,1800
AddLimit,1600
AddLimit,1600
AddLimit,1600
AddLimit,1700
AddLimit,1700
AddLimit,2000
AddLimit,1800
AddLimit,1800
AddLimit,1700
AddLimit,1800
AddLimit,1900
AddLimit,1700
AddLimit,1700
AddLimit,1700
AddLimit,1600
AddLimit,2100
AddLimit,1700
AddLimit,1900
AddLimit,1700
AddLimit,1700
AddLimit,1800
AddLimit,2000
AddLimit,1700
AddLimit,1700
AddLimit,1600
AddLimit,1700
AddLimit,1800
AddLimit,1600
AddLimit,1500
AddLimit,1800
AddLimit,1700
AddLimit,1700
AddLimit,1600
AddLimit,2200
AddLimit,1600
AddLimit,1900
AddLimit,2300
AddLimit,27500
AddLimit,2100
AddLimit,2100
AddLimit,1700
AddLimit,1800
AddLimit,1600
AddLimit,1800
AddLimit,1800
AddLimit,1800
AddLimit,1600
AddLimit,1600
AddLimit,1500
AddLimit,1700
AddLimit,1700
AddLimit,1600
AddLimit,1600
AddLimit,1800
AddLimit,1700
AddLimit,1600
AddLimit,1600
AddLimit,1700
AddLimit,1600
AddLimit,1600
AddLimit,1700
AddLimit,1600
AddLimit,1500
AddLimit,1600
AddLimit,1500
AddLimit,4400
AddLimit,1500
AddLimit,1800
AddLimit,1600
AddLimit,1800
AddLimit,1900
AddLimit,1700
AddLimit,1600
AddLimit,1800
AddLimit,1600
AddLimit,1700
AddLimit,1600
AddLimit,1700
AddLimit,1600
AddLimit,1800
AddLimit,1600
AddLimit,1600
AddLimit,1700
AddLimit,7600
AddLimit,1600
AddLimit,1800
AddLimit,1900
AddLimit,1600
AddLimit,2000
AddLimit,1600
AddLimit,7700
AddLimit,1700
AddLimit,1800
AddLimit,1900
AddLimit,1800
AddLimit,1500
AddLimit,1500
AddLimit,1600
AddLimit,1700
AddLimit,1800
AddLimit,1600
AddLimit,1800
AddLimit,1700
AddLimit,1700
AddLimit,2400
AddLimit,1800
AddLimit,1800
AddLimit,1600
AddLimit,1500
AddLimit,1600
AddLimit,6900
AddLimit,1600
AddLimit,1500
AddLimit,1600
AddLimit,1700
AddLimit,1600
AddLimit,1700
AddLimit,1800
AddLimit,1700
AddLimit,1500
AddLimit,1600
AddLimit,1800
AddLimit,1600
AddLimit,1600
AddLimit,1700
AddLimit,2100
AddLimit,1800
AddLimit,1600
AddLimit,1600
AddLimit,1700
AddLimit,1500
AddLimit,1800
AddLimit,1600
AddLimit,2100
AddLimit,1600
AddLimit,1700
AddLimit,1600
AddLimit,1600
AddLimit,1600
AddLimit,1600
AddLimit,1700
AddLimit,1800
AddLimit,2100
AddLimit,1700
AddLimit,1600
AddLimit,1600
AddLimit,1800
AddLimit,1700
AddLimit,1700
AddLimit,1900
AddLimit,4200
AddLimit,1700
AddLimit,1700
AddLimit,1500
AddLimit,1900
AddLimit,1500
AddLimit,1600
AddLimit,1700
AddLimit,1600
AddLimit,1600
AddLimit,1900
AddLimit,1700
AddLimit,1600
AddLimit,1700
AddLimit,1500
AddLimit,2200
AddLimit,1700
AddLimit,1700
AddLimit,1800
AddLimit,1500
AddLimit,1600
AddLimit,1800
AddLimit,1600
AddLimit,1800
AddLimit,1900
AddLimit,2100
AddLimit,1500
AddLimit,1800
AddLimit,1600
AddLimit,1700
AddLimit,1700
AddLimit,1700
AddLimit,1800
AddLimit,1600
AddLimit,1600
AddLimit,1600
AddLimit,1600
AddLimit,1600
AddLimit,1600
AddLimit,1600
AddLimit,1700
AddLimit,2000
AddLimit,1900
AddLimit,1700
AddLimit,1500
AddLimit,1600
AddLimit,1600
AddLimit,1700
AddLimit,2200
AddLimit,1600
AddLimit,1600
AddLimit,1800
AddLimit,1700
AddLimit,1600
AddLimit,1800
AddLimit,1900
AddLimit,1600
AddLimit,1800
AddLimit,1600
AddLimit,1700
AddLimit,2000
AddLimit,1700
AddLimit,1600
AddLimit,1800
AddLimit,1800
AddLimit,1700
AddLimit,1600
AddLimit,1900
AddLimit,1700
AddLimit,1800
AddLimit,1700
AddLimit,1700
AddLimit,1500
AddLimit,1600
AddLimit,2000
AddLimit,1700
AddLimit,1600
AddLimit,1800
AddLimit,1800
AddLimit,9800
AddLimit,1900
AddLimit,1700
AddLimit,1600
AddLimit,1500
AddLimit,2000
AddLimit,5100
AddLimit,1700
AddLimit,1900
AddLimit,1600
AddLimit,1700
AddLimit,1800
AddLimit,1600
AddLimit,1600
AddLimit,1500
AddLimit,1500
AddLimit,1900
AddLimit,1700
AddLimit,1600
AddLimit,1700
AddLimit,1600
AddLimit,1900
AddLimit,1800
AddLimit,1600
AddLimit,1700
AddLimit,1600
AddLimit,1800
AddLimit,1900
AddLimit,1600
AddLimit,1600
AddLimit,1600
AddLimit,1700
AddLimit,12100
AddLimit,1900
AddLimit,1500
AddLimit,1900
AddLimit,1700
AddLimit,1600
AddLimit,1600
AddLimit,1600
AddLimit,1600
AddLimit,1700
AddLimit,1600
AddLimit,1500
AddLimit,1500
AddLimit,1700
AddLimit,1700
AddLimit,1500
AddLimit,1700
AddLimit,1900
AddLimit,1500
AddLimit,1500
AddLimit,1700
AddLimit,1500
AddLimit,23300
AddLimit,1900
AddLimit,1800
AddLimit,1700
AddLimit,2000
AddLimit,1700
AddLimit,1700
AddLimit,1700
AddLimit,1700
AddLimit,1600
AddLimit,1700
AddLimit,1700
AddLimit,1600
AddLimit,1600
AddLimit,7200
AddLimit,1600
AddLimit,1600
AddLimit,1600
AddLimit,1600
AddLimit,1500
AddLimit,1600
AddLimit,1900
AddLimit,1700
AddLimit,1600
AddLimit,1600
AddLimit,1700
AddLimit,1800
AddLimit,1700
AddLimit,1800
AddLimit,1800
AddLimit,1700
AddLimit,1700
AddLimit,1600
AddLimit,1800
AddLimit,1700
AddLimit,1700
AddLimit,1700
AddLimit,1600
AddLimit,5200
AddLimit,1800
AddLimit,1700
AddLimit,1600
AddLimit,1800
AddLimit,1700
AddLimit,1700
AddLimit,1700
AddLimit,1600
AddLimit,1600
AddLimit,1800
AddLimit,1600
AddLimit,1700
AddLimit,1700
AddLimit,1700
AddLimit,1800
AddLimit,1600
AddLimit,1700
AddLimit,1600
AddLimit,1700
AddLimit,1800
AddLimit,1700
AddLimit,2000
AddLimit,1600
AddLimit,1600
AddLimit,1700
AddLimit,1600
AddLimit,1600
AddLimit,1800
AddLimit,1700
AddLimit,1600
AddLimit,1600
AddLimit,1600
AddLimit,1700
AddLimit,1700
AddLimit,1600
AddLimit,1700
AddLimit,1600
AddLimit,1800
AddLimit,1800
AddLimit,1700
AddLimit,1600
AddLimit,1700
AddLimit,1700
AddLimit,1700
AddLimit,1600
AddLimit,1700
AddLimit,1800
AddLimit,1700
AddLimit,1700
AddLimit,1700
AddLimit,1500
AddLimit,1700
AddLimit,1600
AddLimit,1600
AddLimit,1600
AddLimit,1600
AddLimit,1600
AddLimit,1600
AddLimit,1600
AddLimit,1600
AddLimit,1800
AddLimit,1600
AddLimit,1500
AddLimit,1600
AddLimit,1500
AddLimit,1800
AddLimit,1600
AddLimit,1700
AddLimit,1500
AddLimit,1600
AddLimit,1600
AddLimit,1500
AddLimit,1700
AddLimit,1600
AddLimit,1700
AddLimit,1600
AddLimit,1700
AddLimit,1600
AddLimit,1700
AddLimit,1600
AddLimit,1600
AddLimit,1600
AddLimit,1600
AddLimit,1700
AddLimit,3700
AddLimit,1900
AddLimit,1600
AddLimit,1700
AddLimit,1700
AddLimit,1700
AddLimit,1600
AddLimit,2000
AddLimit,1800
AddLimit,1800
AddLimit,1800
AddLimit,1700
AddLimit,1700
AddLimit,1700
AddLimit,1600
AddLimit,1700
AddLimit,1500
AddLimit,1600
AddLimit,1600
AddLimit,1600
AddLimit,1600
AddLimit,1600
AddLimit,1700
AddLimit,1900
AddLimit,1800
AddLimit,1700
AddLimit,1800
AddLimit,1500
AddLimit,1900
AddLimit,2000
AddLimit,1600
AddLimit,1700
AddLimit,1600
AddLimit,1600
AddLimit,1700
AddLimit,1500
AddLimit,1600
AddLimit,1600
AddLimit,1600
AddLimit,1900
AddLimit,1700
AddLimit,1700
AddLimit,1600
AddLimit,1500
AddLimit,1600
AddLimit,1700
AddLimit,1500
AddLimit,1600
AddLimit,1600
AddLimit,1600
AddLimit,1600
AddLimit,1600
AddLimit,1700
AddLimit,1900
AddLimit,1600
AddLimit,1600
AddLimit,1700
AddLimit,1600
AddLimit,1600
AddLimit,1700
AddLimit,1500
AddLimit,1600
AddLimit,1600
AddLimit,1700
AddLimit,1600
AddLimit,1600
AddLimit,1600
AddLimit,1700
AddLimit,1800
AddLimit,12200
AddLimit,1800
AddLimit,1800
AddLimit,1700
AddLimit,1500
AddLimit,1600
AddLimit,1700
AddLimit,1600
AddLimit,1600
AddLimit,1600
AddLimit,1700
AddLimit,1600
AddLimit,1800
AddLimit,1600
AddLimit,1700
AddLimit,1600
AddLimit,4200
AddLimit,1700
AddLimit,1800
AddLimit,1900
AddLimit,1700
AddLimit,1700
AddLimit,1700
AddLimit,1700
AddLimit,1600
AddLimit,1600
AddLimit,2100
AddLimit,1700
AddLimit,1800
AddLimit,1700
AddLimit,1700
AddLimit,1600
AddLimit,1700
AddLimit,1600
AddLimit,1700
AddLimit,2000
AddLimit,1700
AddLimit,1600
AddLimit,1600
AddLimit,1600
AddLimit,1500
AddLimit,2100
AddLimit,1800
AddLimit,1600
AddLimit,1600
AddLimit,1600
AddLimit,1600
AddLimit,1700
AddLimit,1600
AddLimit,1600
AddLimit,1800
AddLimit,8000
AddLimit,3800
AddLimit,1700
AddLimit,2600
AddLimit,2700
AddLimit,3000
AddLimit,2700
AddLimit,3500
AddLimit,3200
AddLimit,2800
AddLimit,20600
AddLimit,1900
AddLimit,1600
AddLimit,1800
AddLimit,1600
AddLimit,1700
AddLimit,2000
AddLimit,1700
AddLimit,1700
AddLimit,1900
AddLimit,1800
AddLimit,1600
AddLimit,1900
AddLimit,2000
AddLimit,2000
AddLimit,1700
AddLimit,1700
AddLimit,1800
AddLimit,1700
AddLimit,1700
AddLimit,1600
AddLimit,1800
AddLimit,1800
AddLimit,1600
AddLimit,1800
AddLimit,1700
AddLimit,1900
AddLimit,2000
AddLimit,1500
AddLimit,1800
AddLimit,1700
AddLimit,1600
AddLimit,1900
AddLimit,1600
AddLimit,1700
AddLimit,1500
AddLimit,1700
AddLimit,1700
AddLimit,1600
AddLimit,2000
AddLimit,1600
AddLimit,4800
AddLimit,1800
AddLimit,1700
AddLimit,1700
AddLimit,1900
AddLimit,1700
AddLimit,1900
AddLimit,1700
AddLimit,1700
AddLimit,1700
AddLimit,2200
AddLimit,1600
AddLimit,2000
AddLimit,2100
AddLimit,1600
AddLimit,1700
AddLimit,1800
AddLimit,1800
AddLimit,1600
AddLimit,1800
AddLimit,1700
AddLimit,1800
AddLimit,1700
AddLimit,1600
AddLimit,1700
AddLimit,1600
AddLimit,1700
AddLimit,1800
AddLimit,1600
AddLimit,1600
AddLimit,1600
AddLimit,1600
AddLimit,1600
AddLimit,1700
AddLimit,1600
AddLimit,1600
AddLimit,1600
AddLimit,1800
AddLimit,1600
AddLimit,1600
AddLimit,1600
AddLimit,1600
AddLimit,1800
AddLimit,1700
AddLimit,2400
AddLimit,1700
AddLimit,1700
AddLimit,1800
AddLimit,1600
AddLimit,1600
AddLimit,1600
AddLimit,1800
AddLimit,2000
AddLimit,1700
AddLimit,1700
AddLimit,2000
AddLimit,1600
AddLimit,1600
AddLimit,1800
AddLimit,1600
AddLimit,2000
AddLimit,1800
AddLimit,1800
AddLimit,2100
AddLimit,1600
AddLimit,1500
AddLimit,1800
AddLimit,1500
AddLimit,2000
AddLimit,1600
AddLimit,1600
AddLimit,1500
AddLimit,1700
AddLimit,115800
AddLimit,1900
AddLimit,11800
AddLimit,1600
AddLimit,1600
AddLimit,1600
AddLimit,1700
AddLimit,1600
AddLimit,1700
AddLimit,1600
AddLimit,1600
AddLimit,1800
AddLimit,4300
AddLimit,1800
AddLimit,1600
AddLimit,1600
AddLimit,1700
AddLimit,1700
AddLimit,1600
AddLimit,2000
AddLimit,1600
AddLimit,1600
AddLimit,1500
AddLimit,1500
AddLimit,1700
AddLimit,1700
AddLimit,1600
AddLimit,1800
AddLimit,1800
AddLimit,1800
AddLimit,1600
AddLimit,1600
AddLimit,1600
AddLimit,1600
AddLimit,1500
AddLimit,1800
AddLimit,1600
AddLimit,1600
AddLimit,1600
AddLimit,1600
AddLimit,1500
AddLimit,1600
AddLimit,1600
AddLimit,1700
AddLimit,1600
AddLimit,1700
AddLimit,1600
AddLimit,1600
AddLimit,1500
AddLimit,1700
AddLimit,1600
AddLimit,12100
AddLimit,1700
AddLimit,1600
AddLimit,1600
AddLimit,1600
AddLimit,1600
AddLimit,1500
AddLimit,1700
AddLimit,1500
AddLimit,1700
AddLimit,1700
AddLimit,1600
AddLimit,1600
AddLimit,1800
AddLimit,1600
AddLimit,1800
AddLimit,2000
AddLimit,1900
AddLimit,1600
AddLimit,1600
AddLimit,1700
AddLimit,1600
AddLimit,1700
AddLimit,1600
AddLimit,1800
AddLimit,1700
AddLimit,1800
AddLimit,1600
AddLimit,1600
AddLimit,1600
AddLimit,1700
AddLimit,1500
AddLimit,1700
AddLimit,1600
AddLimit,1600
AddLimit,1600
AddLimit,1900
AddLimit,1600
AddLimit,1700
AddLimit,1600
AddLimit,1600
AddLimit,1600
AddLimit,1600
AddLimit,1800
AddLimit,1600
AddLimit,1700
AddLimit,4500
AddLimit,1600
AddLimit,2000
AddLimit,1600
AddLimit,1600
AddLimit,1600
AddLimit,1700
AddLimit,1600
AddLimit,1600
AddLimit,1900
AddLimit,1900
AddLimit,1600
AddLimit,1700
AddLimit,1500
AddLimit,1600
AddLimit,1500
AddLimit,1600
AddLimit,1600
AddLimit,1700
AddLimit,1600
AddLimit,1500
AddLimit,1600
AddLimit,1600
AddLimit,1600
AddLimit,1600
AddLimit,1600
AddLimit,1700
AddLimit,1600
AddLimit,1700
AddLimit,1500
AddLimit,1700
AddLimit,1700
AddLimit,1600
AddLimit,1600
AddLimit,1700
AddLimit,1600
AddLimit,1800
AddLimit,1700
AddLimit,1600
AddLimit,1700
AddLimit,1600
AddLimit,1600
AddLimit,1800
AddLimit,1600
AddLimit,1700
AddLimit,1600
AddLimit,1700
AddLimit,1600
AddLimit,1700
AddLimit,1600
AddLimit,1700
AddLimit,1700
AddLimit,1800
AddLimit,1500
AddLimit,1600
AddLimit,1600
AddLimit,1600
AddLimit,2300
AddLimit,1900
AddLimit,1700
AddLimit,1600
AddLimit,1500
AddLimit,1700
AddLimit,1700
AddLimit,1700
AddLimit,1700
AddLimit,1700
AddLimit,1800
AddLimit,1800
AddLimit,1600
AddLimit,1700
AddLimit,1800
AddLimit,1700
AddLimit,1600
AddLimit,1600
AddLimit,1900
AddLimit,1600
AddLimit,1600
AddLimit,1600
AddLimit,2100
AddLimit,1700
AddLimit,1600
AddLimit,1700
AddLimit,1700
AddLimit,1600
AddLimit,1700
AddLimit,6800
AddLimit,7100
AddLimit,3100
AddLimit,3200
AddLimit,3100
AddLimit,2700
AddLimit,2800
AddLimit,3100
AddLimit,2700
AddLimit,2900
AddLimit,3200
AddLimit,2800
AddLimit,2700
AddLimit,2800
AddLimit,3100
AddLimit,3000
AddLimit,2700
AddLimit,2800
AddLimit,2600
AddLimit,2700
AddLimit,2900
AddLimit,2700
AddLimit,2900
AddLimit,2800
AddLimit,2900
AddLimit,3000
AddLimit,2700
AddLimit,2600
AddLimit,2700
AddLimit,2900
AddLimit,2900
AddLimit,2900
AddLimit,2600
AddLimit,2700
AddLimit,2600
AddLimit,2900
AddLimit,2800
AddLimit,2500
AddLimit,2700
AddLimit,2600
AddLimit,2700
AddLimit,2800
AddLimit,3300
AddLimit,2700
AddLimit,3000
AddLimit,3000
AddLimit,2700
AddLimit,3100
AddLimit,2600
AddLimit,2900
AddLimit,2500
AddLimit,2800
AddLimit,2600
AddLimit,2500
AddLimit,2600
AddLimit,2500
AddLimit,2500
AddLimit,2800
AddLimit,3000
AddLimit,2500
AddLimit,2800
AddLimit,2500
AddLimit,2500
AddLimit,2500
AddLimit,2900
AddLimit,2800
AddLimit,3300
AddLimit,2600
AddLimit,2700
AddLimit,3700
AddLimit,2500
AddLimit,2500
AddLimit,2400
AddLimit,2900
AddLimit,3100
AddLimit,2600
AddLimit,3000
AddLimit,3000
AddLimit,3200
AddLimit,2900
AddLimit,2900
AddLimit,3000
AddLimit,3200
AddLimit,2800
AddLimit,3400
AddLimit,8600
AddLimit,3100
AddLimit,3100
AddLimit,2900
AddLimit,2900
AddLimit,2800
AddLimit,2900
AddLimit,2900
AddLimit,2800
AddLimit,2700
AddLimit,2700
AddLimit,3500
AddLimit,7000
AddLimit,4500
AddLimit,3500
AddLimit,4900
AddLimit,3000
AddLimit,2400
AddLimit,2600
AddLimit,2700
AddLimit,2800
AddLimit,2800
AddLimit,3400
AddLimit,2800
AddLimit,3100
AddLimit,20700
AddLimit,3000
AddLimit,2800
AddLimit,2600
AddLimit,2600
AddLimit,2900
AddLimit,2900
AddLimit,18600
AddLimit,2700
AddLimit,2800
AddLimit,2800
AddLimit,3600
AddLimit,2700
AddLimit,2900
AddLimit,2500
AddLimit,2400
AddLimit,2600
AddLimit,4200
AddLimit,2500
AddLimit,2600
AddLimit,3100
AddLimit,3300
AddLimit,2700
AddLimit,2600
AddLimit,2700
AddLimit,2900
AddLimit,3100
AddLimit,2600
AddLimit,2500
AddLimit,2700
AddLimit,2900
AddLimit,2700
AddLimit,2700
AddLimit,2700
AddLimit,2800
AddLimit,2600
AddLimit,2600
AddLimit,2700
AddLimit,3000
AddLimit,2800
AddLimit,2800
AddLimit,2600
AddLimit,2800
AddLimit,2600
AddLimit,2700
AddLimit,3200
AddLimit,3000
AddLimit,2400
AddLimit,2700
AddLimit,2800
AddLimit,2800
AddLimit,3000
AddLimit,2700
AddLimit,2800
AddLimit,3200
AddLimit,2800
AddLimit,2700
AddLimit,2500
AddLimit,2600
AddLimit,2500
AddLimit,9200
AddLimit,2700
AddLimit,2900
AddLimit,2500
AddLimit,2900
AddLimit,2500
AddLimit,3000
AddLimit,3000
AddLimit,2600
AddLimit,2900
AddLimit,2800
AddLimit,2700
AddLimit,2500
AddLimit,2500
AddLimit,3000
AddLimit,2600
AddLimit,2700
AddLimit,3200
AddLimit,3000
AddLimit,2500
AddLimit,2400
AddLimit,2500
AddLimit,2600
AddLimit,2600
AddLimit,2500
AddLimit,2600
AddLimit,2600
AddLimit,2800
AddLimit,2900
AddLimit,2800
AddLimit,2700
AddLimit,2500
AddLimit,2700
AddLimit,2400
AddLimit,2600
AddLimit,2900
AddLimit,3800
AddLimit,7800
AddLimit,2900
AddLimit,2600
AddLimit,2400
AddLimit,2700
AddLimit,2800
AddLimit,2700
AddLimit,2800
AddLimit,2800
AddLimit,2600
AddLimit,2400
AddLimit,2700
AddLimit,2500
AddLimit,2700
AddLimit,2300
AddLimit,3100
AddLimit,2700
AddLimit,2600
AddLimit,2600
AddLimit,22200
AddLimit,2600
AddLimit,2600
AddLimit,2700
AddLimit,2800
AddLimit,2800
AddLimit,2800
AddLimit,2800
AddLimit,2800
AddLimit,2800
AddLimit,2600
AddLimit,14700
AddLimit,2800
AddLimit,2600
AddLimit,3000
AddLimit,2700
AddLimit,2700
AddLimit,2600
AddLimit,2900
AddLimit,2400
AddLimit,2500
AddLimit,2400
AddLimit,2600
AddLimit,2600
AddLimit,2400
AddLimit,2500
AddLimit,2600
AddLimit,2700
AddLimit,13700
AddLimit,11300
AddLimit,7700
AddLimit,2800
AddLimit,2700
AddLimit,2600
AddLimit,2800
AddLimit,3700
AddLimit,18500
AddLimit,2500
AddLimit,2100
AddLimit,2300
AddLimit,2100
AddLimit,1800
AddLimit,2100
AddLimit,1900
AddLimit,2100
AddLimit,2000
AddLimit,2000
AddLimit,2000
AddLimit,1900
AddLimit,2200
AddLimit,2600
AddLimit,1900
AddLimit,1900
AddLimit,1900
AddLimit,2000
AddLimit,2000
AddLimit,2000
AddLimit,1900
AddLimit,2100
AddLimit,1900
AddLimit,2200
AddLimit,2000
AddLimit,1900
AddLimit,1900
AddLimit,2100
AddLimit,1900
AddLimit,2100
AddLimit,1900
AddLimit,1900
AddLimit,1900
AddLimit,2100
AddLimit,1900
AddLimit,1800
AddLimit,1800
AddLimit,2000
AddLimit,2100
AddLimit,2000
AddLimit,1900
AddLimit,1900
AddLimit,1900
AddLimit,2000
AddLimit,1900
AddLimit,2000
AddLimit,2000
AddLimit,2000
AddLimit,1800
AddLimit,1800
AddLimit,1900
AddLimit,2000
AddLimit,2300
AddLimit,2200
AddLimit,1900
AddLimit,1900
AddLimit,1900
AddLimit,2100
AddLimit,2000
AddLimit,2000
AddLimit,1900
AddLimit,2000
AddLimit,1900
AddLimit,1900
AddLimit,1900
AddLimit,1900
AddLimit,1800
AddLimit,2000
AddLimit,2000
AddLimit,2100
AddLimit,2000
AddLimit,2100
AddLimit,2000
AddLimit,1900
AddLimit,2000
AddLimit,1900
AddLimit,2000
AddLimit,2000
AddLimit,5900
AddLimit,2300
AddLimit,2200
AddLimit,2100
AddLimit,2100
AddLimit,2000
AddLimit,1900
AddLimit,2000
AddLimit,2000
AddLimit,2100
AddLimit,1800
AddLimit,2000
AddLimit,1800
AddLimit,1800
AddLimit,2100
AddLimit,2200
AddLimit,1900
AddLimit,2000
AddLimit,1900
AddLimit,1900
AddLimit,1900
AddLimit,1800
AddLimit,1800
AddLimit,2200
AddLimit,2100
AddLimit,2200
AddLimit,1900
AddLimit,1900
AddLimit,15200
AddLimit,1900
AddLimit,1900
AddLimit,1900
AddLimit,1900
AddLimit,2000
AddLimit,1800
AddLimit,2100
AddLimit,2000
AddLimit,1900
AddLimit,2000
AddLimit,2000
AddLimit,1800
AddLimit,1800
AddLimit,1900
AddLimit,1900
AddLimit,1800
AddLimit,1900
AddLimit,2000
AddLimit,2000
AddLimit,1900
AddLimit,1900
AddLimit,2700
AddLimit,2700
AddLimit,2800
AddLimit,2400
AddLimit,3000
AddLimit,2900
AddLimit,3100
AddLimit,2000
AddLimit,2600
AddLimit,2000
AddLimit,2000
AddLimit,2000
AddLimit,2000
AddLimit,2400
AddLimit,2000
AddLimit,2900
AddLimit,2800
AddLimit,3200
AddLimit,2100
AddLimit,2100
AddLimit,2400
AddLimit,2300
AddLimit,2300
AddLimit,1900
AddLimit,1800
AddLimit,2000
AddLimit,2000
AddLimit,2000
AddLimit,2500
AddLimit,2400
AddLimit,2200
AddLimit,1900
AddLimit,2200
AddLimit,1900
AddLimit,2100
AddLimit,6900
AddLimit,1900
AddLimit,19100
AddLimit,2100
AddLimit,2100
AddLimit,1800
AddLimit,1900
AddLimit,2100
AddLimit,2000
AddLimit,2300
AddLimit,2400
AddLimit,2100
AddLimit,1800
AddLimit,2100
AddLimit,1900
AddLimit,1800
AddLimit,2100
AddLimit,1800
AddLimit,2300
AddLimit,2200
AddLimit,1800
AddLimit,2100
AddLimit,2100
AddLimit,1800
AddLimit,2200
AddLimit,2200
AddLimit,2300
AddLimit,1900
AddLimit,1900
AddLimit,2200
AddLimit,2000
AddLimit,2100
AddLimit,2700
AddLimit,3800
AddLimit,11100
AddLimit,4900
AddLimit,6400
AddLimit,5000
AddLimit,3100
AddLimit,4700
AddLimit,3400
AddLimit,2500
AddLimit,2600
AddLimit,1900
AddLimit,2400
AddLimit,2100
AddLimit,2300
AddLimit,2000
AddLimit,2300
AddLimit,2100
AddLimit,2500
AddLimit,2100
AddLimit,3000
AddLimit,5700
AddLimit,3000
AddLimit,3000
AddLimit,3900
AddLimit,2600
AddLimit,2900
AddLimit,3200
AddLimit,2500
AddLimit,2200
AddLimit,2100
AddLimit,2100
AddLimit,2100
AddLimit,2300
AddLimit,2400
AddLimit,2300
AddLimit,3300
AddLimit,3700
AddLimit,2500
AddLimit,2400
AddLimit,2200
AddLimit,2200
AddLimit,2600
AddLimit,2000
AddLimit,2500
AddLimit,2300
AddLimit,2400
AddLimit,2100
AddLimit,2200
AddLimit,2000
AddLimit,1900
AddLimit,2200
AddLimit,2000
AddLimit,1900
AddLimit,13800
AddLimit,2200
AddLimit,2100
AddLimit,2400
AddLimit,2200
AddLimit,2300
AddLimit,2200
AddLimit,2200
AddLimit,2200
AddLimit,53500
AddLimit,2300
AddLimit,2100
AddLimit,2500
AddLimit,2100
AddLimit,2100
AddLimit,2300
AddLimit,2100
AddLimit,2300
AddLimit,1900
AddLimit,2400
AddLimit,2300
AddLimit,2500
AddLimit,2200
AddLimit,2100
AddLimit,2200
AddLimit,2000
AddLimit,2300
AddLimit,2000
AddLimit,2200
AddLimit,2300
AddLimit,2400
AddLimit,2100
AddLimit,1900
AddLimit,2100
AddLimit,1900
AddLimit,2200
AddLimit,2000
AddLimit,2300
AddLimit,2100
AddLimit,2000
AddLimit,2000
AddLimit,1900
AddLimit,1900
AddLimit,2000
AddLimit,2100
AddLimit,2100
AddLimit,2200
AddLimit,2200
AddLimit,2100
AddLimit,2200
AddLimit,2100
AddLimit,2400
AddLimit,2100
AddLimit,1800
AddLimit,2200
AddLimit,1800
AddLimit,2300
AddLimit,2100
AddLimit,2300
AddLimit,2800
AddLimit,2000
AddLimit,2100
AddLimit,1800
AddLimit,1900
AddLimit,2000
AddLimit,2000
AddLimit,1800
AddLimit,2300
AddLimit,2200
AddLimit,1900
AddLimit,2100
AddLimit,1900
AddLimit,2200
AddLimit,2300
AddLimit,2200
AddLimit,2100
AddLimit,2200
AddLimit,2000
AddLimit,2300
AddLimit,2100
AddLimit,2400
AddLimit,2300
AddLimit,1800
AddLimit,2000
AddLimit,2100
AddLimit,7300
AddLimit,2200
AddLimit,2200
AddLimit,2200
AddLimit,2100
AddLimit,2000
AddLimit,1800
AddLimit,2400
AddLimit,1900
AddLimit,1900
AddLimit,1800
AddLimit,1900
AddLimit,1800
AddLimit,2500
AddLimit,2100
AddLimit,2100
AddLimit,1900
AddLimit,1900
AddLimit,2100
AddLimit,2200
AddLimit,2000
AddLimit,1900
AddLimit,1800
AddLimit,1900
AddLimit,2100
AddLimit,2200
AddLimit,2200
AddLimit,1800
AddLimit,2400
AddLimit,2500
AddLimit,2300
AddLimit,2200
AddLimit,2100
AddLimit,2400
AddLimit,2000
AddLimit,2000
AddLimit,2200
AddLimit,1900
AddLimit,1900
AddLimit,1900
AddLimit,1800
AddLimit,2300
AddLimit,2000
AddLimit,2000
AddLimit,1900
AddLimit,2100
AddLimit,2100
AddLimit,2100
AddLimit,2100
AddLimit,2400
AddLimit,2100
AddLimit,2000
AddLimit,2000
AddLimit,2200
AddLimit,2000
AddLimit,2000
AddLimit,2100
AddLimit,1800
AddLimit,1900
AddLimit,1900
AddLimit,1900
AddLimit,2100
AddLimit,1900
AddLimit,2300
AddLimit,2500
AddLimit,1900
AddLimit,2000
AddLimit,2000
AddLimit,2200
AddLimit,1800
AddLimit,2200
AddLimit,2000
AddLimit,1900
AddLimit,2000
AddLimit,1900
AddLimit,1900
AddLimit,1900
AddLimit,2200
AddLimit,1900
AddLimit,2100
AddLimit,2100
AddLimit,1900
AddLimit,2100
AddLimit,1900
AddLimit,1800
AddLimit,5100
AddLimit,2100
AddLimit,2100
AddLimit,2000
AddLimit,2100
AddLimit,2100
AddLimit,2000
AddLimit,1900
AddLimit,1900
AddLimit,1900
AddLimit,2000
AddLimit,1900
AddLimit,2000
AddLimit,1900
AddLimit,1900
AddLimit,2300
AddLimit,2000
AddLimit,2000
AddLimit,2300
AddLimit,1900
AddLimit,2000
AddLimit,1900
AddLimit,1900
AddLimit,2400
AddLimit,1900
AddLimit,2500
AddLimit,30900
AddLimit,2200
AddLimit,2000
AddLimit,2200
AddLimit,1900
AddLimit,2400
AddLimit,1900
AddLimit,2200
AddLimit,2100
AddLimit,2000
AddLimit,1900
AddLimit,2400
AddLimit,2000
AddLimit,1800
AddLimit,2200
AddLimit,2200
AddLimit,2300
AddLimit,2100
AddLimit,1900
AddLimit,2100
AddLimit,1800
AddLimit,1900
AddLimit,2000
AddLimit,1900
AddLimit,2100
AddLimit,2100
AddLimit,2000
AddLimit,2000
AddLimit,2000
AddLimit,1900
AddLimit,2000
AddLimit,2600
AddLimit,2000
AddLimit,1900
AddLimit,1900
AddLimit,1900
AddLimit,1900
AddLimit,2000
AddLimit,2300
AddLimit,2200
AddLimit,2200
AddLimit,2100
AddLimit,2200
AddLimit,1900
AddLimit,2000
AddLimit,2000
AddLimit,1900
AddLimit,2000
AddLimit,2000
AddLimit,2200
AddLimit,2000
AddLimit,2100
AddLimit,1900
AddLimit,2300
AddLimit,2000
AddLimit,2100
AddLimit,2000
AddLimit,2200
AddLimit,2000
AddLimit,1900
AddLimit,4800
AddLimit,2100
AddLimit,2000
AddLimit,2200
AddLimit,2200
AddLimit,2300
AddLimit,2100
AddLimit,2000
AddLimit,2000
AddLimit,1900
AddLimit,2400
AddLimit,2000
AddLimit,2100
AddLimit,1900
AddLimit,2000
AddLimit,1900
AddLimit,1900
AddLimit,2000
AddLimit,2000
AddLimit,2000
AddLimit,2600
AddLimit,1900
AddLimit,1900
AddLimit,1900
AddLimit,2000
AddLimit,1900
AddLimit,2000
AddLimit,2500
AddLimit,2100
AddLimit,2200
AddLimit,2000
AddLimit,1800
AddLimit,2000
AddLimit,2200
AddLimit,2000
AddLimit,2000
AddLimit,2200
AddLimit,1900
AddLimit,2400
AddLimit,1900
AddLimit,1900
AddLimit,2300
AddLimit,2100
AddLimit,1900
AddLimit,1900
AddLimit,2100
AddLimit,2300
AddLimit,1900
AddLimit,2000
AddLimit,1900
AddLimit,2200
AddLimit,2400
AddLimit,2500
AddLimit,2000
AddLimit,2000
AddLimit,2000
AddLimit,2400
AddLimit,2000
AddLimit,2000
AddLimit,2000
AddLimit,2000
AddLimit,1900
AddLimit,1900
AddLimit,2000
AddLimit,1900
AddLimit,2100
AddLimit,2000
AddLimit,2200
AddLimit,2100
AddLimit,2100
AddLimit,2200
AddLimit,1900
AddLimit,2100
AddLimit,2300
AddLimit,1900
AddLimit,2200
AddLimit,2100
AddLimit,2200
AddLimit,2500
AddLimit,2100
AddLimit,2000
AddLimit,2100
AddLimit,2000
AddLimit,2100
AddLimit,2100
AddLimit,22100
AddLimit,2500
AddLimit,2000
AddLimit,2000
AddLimit,1900
AddLimit,2000
AddLimit,2100
AddLimit,2100
AddLimit,2000
AddLimit,1900
AddLimit,2000
AddLimit,2100
AddLimit,2100
AddLimit,1900
AddLimit,1900
AddLimit,2200
AddLimit,1900
AddLimit,2100
AddLimit,2000
AddLimit,1900
AddLimit,1900
AddLimit,2100
AddLimit,1900
AddLimit,2000
AddLimit,2100
AddLimit,1800
AddLimit,1900
AddLimit,1900
AddLimit,2300
AddLimit,2000
AddLimit,2000
AddLimit,2000
AddLimit,1900
AddLimit,1900
AddLimit,2000
AddLimit,2100
AddLimit,2200
AddLimit,2000
AddLimit,1900
AddLimit,2200
AddLimit,2100
AddLimit,2100
AddLimit,2000
AddLimit,2100
AddLimit,2000
AddLimit,2200
AddLimit,2100
AddLimit,2100
AddLimit,2000
AddLimit,2100
AddLimit,2100
AddLimit,1900
AddLimit,2000
AddLimit,1900
AddLimit,1900
AddLimit,2000
AddLimit,1900
AddLimit,2000
AddLimit,2100
AddLimit,1900
AddLimit,2100
AddLimit,1900
AddLimit,2000
AddLimit,2400
AddLimit,2000
AddLimit,1900
AddLimit,2000
AddLimit,2000
AddLimit,2000
AddLimit,2200
AddLimit,1900
AddLimit,2000
AddLimit,2000
AddLimit,2100
AddLimit,2000
AddLimit,2100
AddLimit,1900
AddLimit,2000
AddLimit,2100
AddLimit,2000
AddLimit,1900
AddLimit,2000
AddLimit,2100
AddLimit,2100
AddLimit,2000
AddLimit,4800
AddLimit,2000
AddLimit,2300
AddLimit,1900
AddLimit,2100
AddLimit,1900
AddLimit,1800
AddLimit,2000
AddLimit,1900
AddLimit,2100
AddLimit,2000
AddLimit,1900
AddLimit,2200
AddLimit,2000
AddLimit,1800
AddLimit,1900
AddLimit,2100
AddLimit,2100
AddLimit,2000
AddLimit,2000
AddLimit,2000
AddLimit,2400
AddLimit,2000
AddLimit,2000
AddLimit,2100
AddLimit,2200
AddLimit,2500
AddLimit,2200
AddLimit,2000
AddLimit,2000
AddLimit,2100
AddLimit,1900
AddLimit,1900
AddLimit,2200
AddLimit,2800
AddLimit,1900
AddLimit,2100
AddLimit,1900
AddLimit,1900
AddLimit,2000
AddLimit,1900
AddLimit,2400
AddLimit,2100
AddLimit,2000
AddLimit,2000
AddLimit,2000
AddLimit,2000
AddLimit,2000
AddLimit,2200
AddLimit,1900
AddLimit,2200
AddLimit,1900
AddLimit,1900
AddLimit,2000
AddLimit,2200
AddLimit,2000
AddLimit,1800
AddLimit,1900
AddLimit,2100
AddLimit,2300
AddLimit,2200
AddLimit,2200
AddLimit,1900
AddLimit,2000
AddLimit,2000
AddLimit,1900
AddLimit,1900
AddLimit,3100
AddLimit,2500
AddLimit,2300
AddLimit,2700
AddLimit,2000
AddLimit,2000
AddLimit,2100
AddLimit,3000
AddLimit,2400
AddLimit,2400
AddLimit,2300
AddLimit,2000
AddLimit,2100
AddLimit,2200
AddLimit,2100
AddLimit,2700
AddLimit,2100
AddLimit,2200
AddLimit,2900
AddLimit,6500
AddLimit,2800
AddLimit,2400
AddLimit,2900
AddLimit,2600
AddLimit,2100
AddLimit,2700
AddLimit,2500
AddLimit,2500
AddLimit,2500
AddLimit,2500
AddLimit,2400
AddLimit,2100
AddLimit,2400
AddLimit,3300
AddLimit,2600
AddLimit,2100
AddLimit,2300
AddLimit,2200
AddLimit,2300
AddLimit,2200
AddLimit,2100
AddLimit,2400
AddLimit,2100
AddLimit,16500
AddLimit,2100
AddLimit,2400
AddLimit,2300
AddLimit,2000
AddLimit,2100
AddLimit,2100
AddLimit,2100
AddLimit,1900
AddLimit,2100
AddLimit,2000
AddLimit,2100
AddLimit,2200
AddLimit,1900
AddLimit,2200
AddLimit,2100
AddLimit,1900
AddLimit,2100
AddLimit,1900
AddLimit,2200
AddLimit,2400
AddLimit,2100
AddLimit,2000
AddLimit,2100
AddLimit,1900
AddLimit,2100
AddLimit,2100
AddLimit,2200
AddLimit,2100
AddLimit,2000
AddLimit,2000
AddLimit,1900
AddLimit,2400
AddLimit,1900
AddLimit,1900
AddLimit,1900
AddLimit,2400
AddLimit,2100
AddLimit,2200
AddLimit,2200
AddLimit,2200
AddLimit,2100
AddLimit,2100
AddLimit,2000
AddLimit,2100
AddLimit,1900
AddLimit,2000
AddLimit,1900
AddLimit,1900
AddLimit,2100
AddLimit,2000
AddLimit,2100
AddLimit,2200
AddLimit,2000
AddLimit,1900
AddLimit,2000
AddLimit,1900
AddLimit,2000
AddLimit,1900
AddLimit,1800
AddLimit,2200
AddLimit,5700
AddLimit,2000
AddLimit,1900
AddLimit,2000
AddLimit,2000
AddLimit,1900
AddLimit,1900
AddLimit,2400
AddLimit,2000
AddLimit,2000
AddLimit,2000
AddLimit,2100
AddLimit,2100
AddLimit,2200
AddLimit,2000
AddLimit,2000
AddLimit,1800
AddLimit,2000
AddLimit,1900
AddLimit,2000
AddLimit,2000
AddLimit,2000
AddLimit,1900
AddLimit,2200
AddLimit,2000
AddLimit,1900
AddLimit,2200
AddLimit,2100
AddLimit,1900
AddLimit,2200
AddLimit,2000
AddLimit,2100
AddLimit,2100
AddLimit,2000
AddLimit,2000
AddLimit,2100
AddLimit,1900
AddLimit,1900
AddLimit,1800
AddLimit,2300
AddLimit,2000
AddLimit,2000
AddLimit,2100
AddLimit,2100
AddLimit,2000
AddLimit,2100
AddLimit,2200
AddLimit,2400
AddLimit,2000
AddLimit,1900
AddLimit,2000
AddLimit,2000
AddLimit,1900
AddLimit,1900
AddLimit,1900
AddLimit,2400
AddLimit,1900
AddLimit,1900
AddLimit,2000
AddLimit,2000
AddLimit,1800
AddLimit,1900
AddLimit,1900
AddLimit,2000
AddLimit,2000
AddLimit,2000
AddLimit,1900
AddLimit,2100
AddLimit,2200
AddLimit,1900
AddLimit,1800
AddLimit,2100
AddLimit,1900
AddLimit,2400
AddLimit,2000
AddLimit,2300
AddLimit,1900
AddLimit,2000
AddLimit,1900
AddLimit,1900
AddLimit,2200
AddLimit,1900
AddLimit,2000
AddLimit,1900
AddLimit,2300
AddLimit,4600
AddLimit,1900
AddLimit,2400
AddLimit,2100
AddLimit,2000
AddLimit,2000
AddLimit,11300
AddLimit,1900
AddLimit,2000
AddLimit,2300
AddLimit,2600
AddLimit,2000
AddLimit,2000
AddLimit,2100
AddLimit,1900
AddLimit,1900
AddLimit,1900
AddLimit,2500
AddLimit,13200
AddLimit,2000
AddLimit,1900
AddLimit,2000
AddLimit,1900
AddLimit,1800
AddLimit,1800
AddLimit,2000
AddLimit,1900
AddLimit,2100
AddLimit,1900
AddLimit,1900
AddLimit,1800
AddLimit,1900
AddLimit,2000
AddLimit,1900
AddLimit,2100
AddLimit,2000
AddLimit,2100
AddLimit,2100
AddLimit,1900
AddLimit,1900
AddLimit,1900
AddLimit,2000
AddLimit,2300
AddLimit,2100
AddLimit,2000
AddLimit,2000
AddLimit,2000
AddLimit,1900
AddLimit,2000
AddLimit,2000
AddLimit,2000
AddLimit,2000
AddLimit,1900
AddLimit,1800
AddLimit,2100
AddLimit,1800
AddLimit,1800
AddLimit,2300
AddLimit,2300
AddLimit,1800
AddLimit,1900
AddLimit,1800
AddLimit,1900
AddLimit,1800
AddLimit,15900
AddLimit,2000
AddLimit,2000
AddLimit,1900
AddLimit,2100
AddLimit,2000
AddLimit,2100
AddLimit,1800
AddLimit,1900
AddLimit,1800
AddLimit,2000
AddLimit,2000
AddLimit,1900
AddLimit,2000
AddLimit,2000
AddLimit,1900
AddLimit,1900
AddLimit,1900
AddLimit,2200
AddLimit,1900
AddLimit,2200
AddLimit,2200
AddLimit,5000
AddLimit,2100
AddLimit,2100
AddLimit,2000
AddLimit,2100
AddLimit,2200
AddLimit,2100
AddLimit,1900
AddLimit,2200
AddLimit,1900
AddLimit,1900
AddLimit,2000
AddLimit,2000
AddLimit,2000
AddLimit,2100
AddLimit,2000
AddLimit,2100
AddLimit,1800
AddLimit,2000
AddLimit,1900
AddLimit,2100
AddLimit,2000
AddLimit,1900
AddLimit,1800
AddLimit,2100
AddLimit,1900
AddLimit,2000
AddLimit,2000
AddLimit,2300
AddLimit,2000
AddLimit,2000
AddLimit,1900
AddLimit,2000
AddLimit,2000
AddLimit,2300
AddLimit,2600
AddLimit,2300
AddLimit,13000
AddLimit,1900
AddLimit,1900
AddLimit,1900
AddLimit,1900
AddLimit,2000
AddLimit,1800
AddLimit,2000
AddLimit,1800
AddLimit,2000
AddLimit,1900
AddLimit,1900
AddLimit,1900
AddLimit,2100
AddLimit,2200
AddLimit,2800
AddLimit,2400
AddLimit,2300
AddLimit,2100
AddLimit,2000
AddLimit,2100
AddLimit,2000
AddLimit,2300
AddLimit,2400
AddLimit,1900
AddLimit,2700
AddLimit,1900
AddLimit,1800
AddLimit,1900
AddLimit,2300
AddLimit,2100
AddLimit,2200
AddLimit,2000
AddLimit,2000
AddLimit,2000
AddLimit,1900
AddLimit,2300
AddLimit,2100
AddLimit,1900
AddLimit,2100
AddLimit,1900
AddLimit,1900
AddLimit,2000
AddLimit,2000
AddLimit,2100
AddLimit,2000
AddLimit,2000
AddLimit,2100
AddLimit,5300
AddLimit,2200
AddLimit,2400
AddLimit,2100
AddLimit,2000
AddLimit,2000
AddLimit,2000
AddLimit,2100
AddLimit,2000
AddLimit,2000
AddLimit,2000
AddLimit,2000
AddLimit,2000
AddLimit,2100
AddLimit,2200
AddLimit,2000
AddLimit,2200
AddLimit,1900
AddLimit,1900
AddLimit,2100
AddLimit,1900
AddLimit,2000
AddLimit,2200
AddLimit,2100
AddLimit,2000
AddLimit,2000
AddLimit,1900
AddLimit,2000
AddLimit,2100
AddLimit,2000
AddLimit,1900
AddLimit,2100
AddLimit,2400
AddLimit,2100
AddLimit,2100
AddLimit,2000
AddLimit,2400
AddLimit,2400
AddLimit,2100
AddLimit,2200
AddLimit,1900
AddLimit,2000
AddLimit,2000
AddLimit,2000
AddLimit,1900
AddLimit,2200
AddLimit,2000
AddLimit,2000
AddLimit,2000
AddLimit,2200
AddLimit,2000
AddLimit,2000
AddLimit,2000
AddLimit,1900
AddLimit,2000
AddLimit,2000
AddLimit,2000
AddLimit,2100
AddLimit,2000
AddLimit,2100
AddLimit,1900
AddLimit,1800
AddLimit,2000
AddLimit,2200
AddLimit,1900
AddLimit,2000
AddLimit,1900
AddLimit,2000
AddLimit,2000
AddLimit,2000
AddLimit,2400
AddLimit,2100
AddLimit,1900
AddLimit,2000
AddLimit,2200
AddLimit,1900
AddLimit,2100
AddLimit,1900
AddLimit,1900
AddLimit,2200
AddLimit,1900
AddLimit,1900
AddLimit,1900
AddLimit,2300
AddLimit,11700
AddLimit,4600
AddLimit,2100
AddLimit,2400
AddLimit,2200
AddLimit,2000
AddLimit,2100
AddLimit,2000
AddLimit,1900
AddLimit,1900
AddLimit,2000
AddLimit,2200
AddLimit,1900
AddLimit,1900
AddLimit,2000
AddLimit,2000
AddLimit,2200
AddLimit,1900
AddLimit,2200
AddLimit,2200
AddLimit,2000
AddLimit,2300
AddLimit,2100
AddLimit,2000
AddLimit,2200
AddLimit,2300
AddLimit,2000
AddLimit,2100
AddLimit,2000
AddLimit,2200
AddLimit,1800
AddLimit,2200
AddLimit,2100
AddLimit,2100
AddLimit,2000
AddLimit,2000
AddLimit,1900
AddLimit,2100
AddLimit,2000
AddLimit,1900
AddLimit,1900
AddLimit,2000
AddLimit,2000
AddLimit,2100
AddLimit,2000
AddLimit,1900
AddLimit,1900
AddLimit,1900
AddLimit,1900
AddLimit,2000
AddLimit,2000
AddLimit,2000
AddLimit,2000
AddLimit,2000
AddLimit,1900
AddLimit,2100
AddLimit,2300
AddLimit,2000
AddLimit,2200
AddLimit,1900
AddLimit,2000
AddLimit,2100
AddLimit,2000
AddLimit,2000
AddLimit,1900
AddLimit,2000
AddLimit,2000
AddLimit,2000
AddLimit,2000
AddLimit,1900
AddLimit,1900
AddLimit,2000
AddLimit,2200
AddLimit,2000
AddLimit,1900
AddLimit,2200
AddLimit,2000
AddLimit,2000
AddLimit,2500
AddLimit,2200
AddLimit,2100
AddLimit,2100
AddLimit,2200
AddLimit,2300
AddLimit,2000
AddLimit,2100
AddLimit,2200
AddLimit,4600
AddLimit,2300
AddLimit,2300
AddLimit,2200
AddLimit,2300
AddLimit,2100
AddLimit,1900
AddLimit,1900
AddLimit,1900
AddLimit,2000
AddLimit,1900
AddLimit,2000
AddLimit,2000
AddLimit,2000
AddLimit,10800
AddLimit,2300
AddLimit,2800
AddLimit,1900
AddLimit,2000
AddLimit,1900
AddLimit,2100
AddLimit,2100
AddLimit,1800
AddLimit,2000
AddLimit,2200
AddLimit,2000
AddLimit,1900
AddLimit,2100
AddLimit,2000
AddLimit,1900
AddLimit,1900
AddLimit,1900
AddLimit,2000
AddLimit,1900
AddLimit,1900
AddLimit,2400
AddLimit,2200
AddLimit,1900
AddLimit,1900
AddLimit,2000
AddLimit,1800
AddLimit,2000
AddLimit,1900
AddLimit,2000
AddLimit,2000
AddLimit,1900
AddLimit,1900
AddLimit,1900
AddLimit,1900
AddLimit,1800
AddLimit,1900
AddLimit,2000
AddLimit,1900
AddLimit,1900
AddLimit,2000
AddLimit,2000
AddLimit,1900
AddLimit,2200
AddLimit,2200
AddLimit,2000
AddLimit,2200
AddLimit,2000
AddLimit,2100
AddLimit,2000
AddLimit,1900
AddLimit,2100
AddLimit,2000
AddLimit,2300
AddLimit,2000
AddLimit,2100
AddLimit,2000
AddLimit,2200
AddLimit,2000
AddLimit,2200
AddLimit,2000
AddLimit,2000
AddLimit,2100
AddLimit,1900
AddLimit,2000
AddLimit,1900
AddLimit,2000
AddLimit,2300
AddLimit,2000
AddLimit,2200
AddLimit,2000
AddLimit,5100
AddLimit,2100
AddLimit,2100
AddLimit,2000
AddLimit,2000
AddLimit,2000
AddLimit,2000
AddLimit,2000
AddLimit,1900
AddLimit,1900
AddLimit,1900
AddLimit,2200
AddLimit,2100
AddLimit,2100
AddLimit,1900
AddLimit,1900
AddLimit,1900
AddLimit,2000
AddLimit,2000
AddLimit,1900
AddLimit,2000
AddLimit,2000
AddLimit,1900
AddLimit,2100
AddLimit,1900
AddLimit,2000
AddLimit,2000
AddLimit,1900
AddLimit,1900
AddLimit,2000
AddLimit,2000
AddLimit,2300
AddLimit,2000
AddLimit,1900
AddLimit,2100
AddLimit,1900
AddLimit,1900
AddLimit,1900
AddLimit,2000
AddLimit,2100
AddLimit,12300
AddLimit,2000
AddLimit,1900
AddLimit,2100
AddLimit,2100
AddLimit,1900
AddLimit,2200
AddLimit,2100
AddLimit,1900
AddLimit,2100
AddLimit,2000
AddLimit,2100
AddLimit,2000
AddLimit,1800
AddLimit,1900
AddLimit,2100
AddLimit,2400
AddLimit,1900
AddLimit,1900
AddLimit,2000
AddLimit,1900
AddLimit,2000
AddLimit,2300
AddLimit,2400
AddLimit,2000
AddLimit,2000
AddLimit,2100
AddLimit,9000
AddLimit,2000
AddLimit,2000
AddLimit,2000
AddLimit,2100
AddLimit,9500
AddLimit,1900
AddLimit,2600
AddLimit,2200
AddLimit,2100
AddLimit,2000
AddLimit,2100
AddLimit,2100
AddLimit,14400
AddLimit,1900
AddLimit,1800
AddLimit,1900
AddLimit,1900
AddLimit,4600
AddLimit,1900
AddLimit,2100
AddLimit,1900
AddLimit,2500
AddLimit,35100
AddLimit,3200
AddLimit,2000
AddLimit,2200
AddLimit,1900
AddLimit,2000
AddLimit,1900
AddLimit,2000
AddLimit,2000
AddLimit,2000
AddLimit,2000
AddLimit,1900
AddLimit,1900
AddLimit,2100
AddLimit,2000
AddLimit,2100
AddLimit,2200
AddLimit,1900
AddLimit,2000
AddLimit,1900
AddLimit,1900
AddLimit,2300
AddLimit,2200
AddLimit,2000
AddLimit,2000
AddLimit,2000
AddLimit,1900
AddLimit,1900
AddLimit,1900
AddLimit,2200
AddLimit,2100
AddLimit,2400
AddLimit,2000
AddLimit,1900
AddLimit,1900
AddLimit,2100
AddLimit,2000
AddLimit,2100
AddLimit,2000
AddLimit,2000
AddLimit,2000
AddLimit,2100
AddLimit,2000
AddLimit,1900
AddLimit,1900
AddLimit,2100
AddLimit,2000
AddLimit,2100
AddLimit,1900
AddLimit,1900
AddLimit,2000
AddLimit,2000
AddLimit,1900
AddLimit,2200
AddLimit,1900
AddLimit,2100
AddLimit,1900
AddLimit,2100
AddLimit,2000
AddLimit,1900
AddLimit,2000
AddLimit,1900
AddLimit,2100
AddLimit,2000
AddLimit,2000
AddLimit,2000
AddLimit,1900
AddLimit,2000
AddLimit,1900
AddLimit,2200
AddLimit,2100
AddLimit,1900
AddLimit,2400
AddLimit,2100
AddLimit,1900
AddLimit,2000
AddLimit,2200
AddLimit,2200
AddLimit,1900
AddLimit,1800
AddLimit,1900
AddLimit,6500
AddLimit,2000
AddLimit,2100
AddLimit,2000
AddLimit,2100
AddLimit,1900
AddLimit,2000
AddLimit,2100
AddLimit,2000
AddLimit,2000
AddLimit,2200
AddLimit,2100
AddLimit,2200
AddLimit,1900
AddLimit,2100
AddLimit,1900
AddLimit,2000
AddLimit,1900
AddLimit,1900
AddLimit,2200
AddLimit,2200
AddLimit,1900
AddLimit,1900
AddLimit,1900
AddLimit,2300
AddLimit,1900
AddLimit,1800
AddLimit,2600
AddLimit,2100
AddLimit,2100
AddLimit,2100
AddLimit,2000
AddLimit,3300
AddLimit,2000
AddLimit,2000
AddLimit,2100
AddLimit,2000
AddLimit,2100
AddLimit,1900
AddLimit,1900
AddLimit,2000
AddLimit,1900
AddLimit,1900
AddLimit,1900
AddLimit,2100
AddLimit,2200
AddLimit,2000
AddLimit,2300
AddLimit,2300
AddLimit,2100
AddLimit,1900
AddLimit,2000
AddLimit,2000
AddLimit,1900
AddLimit,1900
AddLimit,2100
AddLimit,2000
AddLimit,2100
AddLimit,2100
AddLimit,2000
AddLimit,2300
AddLimit,1900
AddLimit,1900
AddLimit,2000
AddLimit,1900
AddLimit,2000
AddLimit,2100
AddLimit,2100
AddLimit,2000
AddLimit,2500
AddLimit,1900
AddLimit,2000
AddLimit,1900
AddLimit,2000
AddLimit,1900
AddLimit,1800
AddLimit,2400
AddLimit,2100
AddLimit,1900
AddLimit,2000
AddLimit,1900
AddLimit,2000
AddLimit,1900
AddLimit,2000
AddLimit,2300
AddLimit,5200
AddLimit,2100
AddLimit,2100
AddLimit,3000
AddLimit,5700
AddLimit,3500
AddLimit,2200
AddLimit,2100
AddLimit,2300
AddLimit,2300
AddLimit,1900
AddLimit,1900
AddLimit,2000
AddLimit,2100
AddLimit,1800
AddLimit,2300
AddLimit,1900
AddLimit,1900
AddLimit,2100
AddLimit,1900
AddLimit,2200
AddLimit,2200
AddLimit,2500
AddLimit,2100
AddLimit,1900
AddLimit,2000
AddLimit,2200
AddLimit,2200
AddLimit,2200
AddLimit,2000
AddLimit,2300
AddLimit,2200
AddLimit,1800
AddLimit,2300
AddLimit,2100
AddLimit,2200
AddLimit,2000
AddLimit,1900
AddLimit,2100
AddLimit,2200
AddLimit,2300
AddLimit,2000
AddLimit,2200
AddLimit,2400
AddLimit,1900
AddLimit,1900
AddLimit,2400
AddLimit,2600
AddLimit,2300
AddLimit,2500
AddLimit,2100
AddLimit,1800
AddLimit,2400
AddLimit,2000
AddLimit,3700
AddLimit,2500
AddLimit,2300
AddLimit,3100
AddLimit,3200
AddLimit,7700
AddLimit,4600
AddLimit,4700
AddLimit,3500
AddLimit,4000
AddLimit,3700
AddLimit,2300
AddLimit,2400
AddLimit,3300
AddLimit,3400
AddLimit,4700
AddLimit,3900
AddLimit,3300
AddLimit,4200
AddLimit,4800
AddLimit,2800
AddLimit,2100
AddLimit,2700
AddLimit,2300
AddLimit,1900
AddLimit,2400
AddLimit,2500
AddLimit,3200
AddLimit,5500
AddLimit,3000
AddLimit,3000
AddLimit,12600
AddLimit,3300
AddLimit,3500
AddLimit,4200
AddLimit,2800
AddLimit,2500
AddLimit,2100
AddLimit,2600
AddLimit,2400
AddLimit,2300
AddLimit,2200
AddLimit,2200
AddLimit,2600
AddLimit,2500
AddLimit,3000
AddLimit,3400
AddLimit,3600
AddLimit,2300
AddLimit,2300
AddLimit,2800
AddLimit,2200
AddLimit,21200
AddLimit,1900
AddLimit,2100
AddLimit,2300
AddLimit,2000
AddLimit,2400
AddLimit,2100
AddLimit,2100
AddLimit,1800
AddLimit,2100
AddLimit,2200
AddLimit,2100
AddLimit,2300
AddLimit,2100
AddLimit,2000
AddLimit,2000
AddLimit,2000
AddLimit,2100
AddLimit,2400
AddLimit,2100
AddLimit,2200
AddLimit,2600
AddLimit,2200
AddLimit,2200
AddLimit,1900
AddLimit,2000
AddLimit,2300
AddLimit,1800
AddLimit,2200
AddLimit,2000
AddLimit,2000
AddLimit,2400
AddLimit,2000
AddLimit,1900
AddLimit,2100
AddLimit,2000
AddLimit,2100
AddLimit,2100
AddLimit,2200
AddLimit,3400
AddLimit,2100
AddLimit,2000
AddLimit,2000
AddLimit,1900
AddLimit,2100
AddLimit,2100
AddLimit,2100
AddLimit,2000
AddLimit,2200
AddLimit,2200
AddLimit,2100
AddLimit,2200
AddLimit,2500
AddLimit,2400
AddLimit,2500
AddLimit,2500
AddLimit,2000
AddLimit,1900
AddLimit,2200
AddLimit,1900
AddLimit,1900
AddLimit,18400
AddLimit,2300
AddLimit,2000
AddLimit,2100
AddLimit,9400
AddLimit,2300
AddLimit,2100
AddLimit,2100
AddLimit,2600
AddLimit,2100
AddLimit,2000
AddLimit,2100
AddLimit,1900
AddLimit,2000
AddLimit,1900
AddLimit,1900
AddLimit,2000
AddLimit,1800
AddLimit,2200
AddLimit,1900
AddLimit,1900
AddLimit,2100
AddLimit,2100
AddLimit,2000
AddLimit,2200
AddLimit,2000
AddLimit,2400
AddLimit,1900
AddLimit,1900
AddLimit,2000
AddLimit,1900
AddLimit,1900
AddLimit,2000
AddLimit,2100
AddLimit,1900
AddLimit,1900
AddLimit,2000
AddLimit,1800
AddLimit,1900
AddLimit,2100
AddLimit,2300
AddLimit,1800
AddLimit,1800
AddLimit,1900
AddLimit,1900
AddLimit,2000
AddLimit,1900
AddLimit,1900
AddLimit,2300
AddLimit,2000
AddLimit,2100
AddLimit,2200
AddLimit,2000
AddLimit,2400
AddLimit,2000
AddLimit,2100
AddLimit,2400
AddLimit,2500
AddLimit,2100
AddLimit,2200
AddLimit,2100
AddLimit,2100
AddLimit,1900
AddLimit,2000
AddLimit,2100
AddLimit,2000
AddLimit,2200
AddLimit,2100
AddLimit,1800
AddLimit,2100
AddLimit,1900
AddLimit,2600
AddLimit,2100
AddLimit,2200
AddLimit,1800
AddLimit,1900
AddLimit,2000
AddLimit,1900
AddLimit,1900
AddLimit,1900
AddLimit,2100
AddLimit,1900
AddLimit,2500
AddLimit,2000
AddLimit,2400
AddLimit,2100
AddLimit,2200
AddLimit,1900
AddLimit,2100
AddLimit,5200
AddLimit,2300
AddLimit,1900
AddLimit,2100
AddLimit,2200
AddLimit,2100
AddLimit,1900
AddLimit,1900
AddLimit,1900
AddLimit,2100
AddLimit,2100
AddLimit,1800
AddLimit,1900
AddLimit,1900
AddLimit,2000
AddLimit,2300
AddLimit,1800
AddLimit,2000
AddLimit,14800
AddLimit,2100
AddLimit,1900
AddLimit,2200
AddLimit,2200
AddLimit,2300
AddLimit,2000
AddLimit,2000
AddLimit,2000
AddLimit,1900
AddLimit,10600
AddLimit,1900
AddLimit,2000
AddLimit,2000
AddLimit,2000
AddLimit,2000
AddLimit,1900
AddLimit,2300
AddLimit,2100
AddLimit,1900
AddLimit,2200
AddLimit,2300
AddLimit,2100
AddLimit,2200
AddLimit,2100
AddLimit,2100
AddLimit,1900
AddLimit,1900
AddLimit,1900
AddLimit,1900
AddLimit,2000
AddLimit,1800
AddLimit,1900
AddLimit,2000
AddLimit,1900
AddLimit,1800
AddLimit,2000
AddLimit,2000
AddLimit,1900
AddLimit,1800
AddLimit,1900
AddLimit,1900
AddLimit,2000
AddLimit,2100
AddLimit,2000
AddLimit,2100
AddLimit,2000
AddLimit,2100
AddLimit,1900
AddLimit,2400
AddLimit,2100
AddLimit,2000
AddLimit,1800
AddLimit,2000
AddLimit,2000
AddLimit,1900
AddLimit,2100
AddLimit,1900
AddLimit,2000
AddLimit,1900
AddLimit,2100
AddLimit,2000
AddLimit,2100
AddLimit,1900
AddLimit,2100
AddLimit,2100
AddLimit,1900
AddLimit,5000
AddLimit,2200
AddLimit,2200
AddLimit,2300
AddLimit,2100
AddLimit,2000
AddLimit,1900
AddLimit,2000
AddLimit,1900
AddLimit,1900
AddLimit,2000
AddLimit,1900
AddLimit,2000
AddLimit,2000
AddLimit,2500
AddLimit,2000
AddLimit,1900
AddLimit,1900
AddLimit,2000
AddLimit,2100
AddLimit,2300
AddLimit,2000
AddLimit,1900
AddLimit,1900
AddLimit,2000
AddLimit,2100
AddLimit,2000
AddLimit,1900
AddLimit,1900
AddLimit,1900
AddLimit,1900
AddLimit,1900
AddLimit,1800
AddLimit,1900
AddLimit,2200
AddLimit,1900
AddLimit,1800
AddLimit,2000
AddLimit,1900
AddLimit,1900
AddLimit,1800
AddLimit,1900
AddLimit,2400
AddLimit,2000
AddLimit,2300
AddLimit,2000
AddLimit,2000
AddLimit,1900
AddLimit,1900
AddLimit,2400
AddLimit,2000
AddLimit,1900
AddLimit,2000
AddLimit,2100
AddLimit,1900
AddLimit,1900
AddLimit,2100
AddLimit,2300
AddLimit,2100
AddLimit,1900
AddLimit,2000
AddLimit,1900
AddLimit,2000
AddLimit,1800
AddLimit,2100
AddLimit,2200
AddLimit,2400
AddLimit,2100
AddLimit,2100
AddLimit,2000
AddLimit,2000
AddLimit,1900
AddLimit,2300
AddLimit,1900
AddLimit,2100
AddLimit,2000
AddLimit,1900
AddLimit,1900
AddLimit,1900
AddLimit,2100
AddLimit,2000
AddLimit,1900
AddLimit,2200
AddLimit,1900
AddLimit,1900
AddLimit,2000
AddLimit,4300
AddLimit,2500
AddLimit,2000
AddLimit,2200
AddLimit,2000
AddLimit,1900
AddLimit,2000
AddLimit,2000
AddLimit,2100
AddLimit,1900
AddLimit,2000
AddLimit,1900
AddLimit,2100
AddLimit,1900
AddLimit,1900
AddLimit,2100
AddLimit,2000
AddLimit,1900
AddLimit,1900
AddLimit,1900
AddLimit,2400
AddLimit,2100
AddLimit,2100
AddLimit,2100
AddLimit,1900
AddLimit,2000
AddLimit,2000
AddLimit,1900
AddLimit,2100
AddLimit,2000
AddLimit,1900
AddLimit,1900
AddLimit,2000
AddLimit,2000
AddLimit,2000
AddLimit,2000
AddLimit,2000
AddLimit,2000
AddLimit,1900
AddLimit,2000
AddLimit,2000
AddLimit,1900
AddLimit,2000
AddLimit,2000
AddLimit,2200
AddLimit,2100
AddLimit,2200
AddLimit,1900
AddLimit,2100
AddLimit,2000
AddLimit,2100
AddLimit,1900
AddLimit,2000
AddLimit,2100
AddLimit,2000
AddLimit,1900
AddLimit,1900
AddLimit,2000
AddLimit,1900
AddLimit,2000
AddLimit,2400
AddLimit,1900
AddLimit,2200
AddLimit,1900
AddLimit,1900
AddLimit,1900
AddLimit,2100
AddLimit,2100
AddLimit,2000
AddLimit,2100
AddLimit,2000
AddLimit,2100
AddLimit,2100
AddLimit,1900
AddLimit,1900
AddLimit,1800
AddLimit,1900
AddLimit,2200
AddLimit,1900
AddLimit,1800
AddLimit,1900
AddLimit,2000
AddLimit,1800
AddLimit,2000
AddLimit,2300
AddLimit,4800
AddLimit,2300
AddLimit,2000
AddLimit,2100
AddLimit,2000
AddLimit,2000
AddLimit,2100
AddLimit,2200
AddLimit,2300
AddLimit,1900
AddLimit,1900
AddLimit,1900
AddLimit,2400
AddLimit,1900
AddLimit,2000
AddLimit,2400
AddLimit,1900
AddLimit,1900
AddLimit,2200
AddLimit,1900
AddLimit,1900
AddLimit,2100
AddLimit,2100
AddLimit,2200
AddLimit,2000
AddLimit,2100
AddLimit,2000
AddLimit,2300
AddLimit,2200
AddLimit,2000
AddLimit,1900
AddLimit,2000
AddLimit,2000
AddLimit,1900
AddLimit,1800
AddLimit,1900
AddLimit,1900
AddLimit,1900
AddLimit,2100
AddLimit,2300
AddLimit,2000
AddLimit,2000
AddLimit,1900
AddLimit,2200
AddLimit,2100
AddLimit,2000
AddLimit,1900
AddLimit,2500
AddLimit,2100
AddLimit,2100
AddLimit,2300
AddLimit,2100
AddLimit,2200
AddLimit,1900
AddLimit,1900
AddLimit,2000
AddLimit,2000
AddLimit,1900
AddLimit,2000
AddLimit,1900
AddLimit,1900
AddLimit,1900
AddLimit,2000
AddLimit,2100
AddLimit,1900
AddLimit,2000
AddLimit,1900
AddLimit,2600
AddLimit,2000
AddLimit,2000
AddLimit,2000
AddLimit,2100
AddLimit,2000
AddLimit,1800
AddLimit,2100
AddLimit,2000
AddLimit,1900
AddLimit,2200
AddLimit,2000
AddLimit,2400
AddLimit,1900
AddLimit,2000
AddLimit,2000
AddLimit,1900
AddLimit,1900
AddLimit,5300
AddLimit,2500
AddLimit,2400
AddLimit,2000
AddLimit,2100
AddLimit,2100
AddLimit,2400
AddLimit,1900
AddLimit,1900
AddLimit,2100
AddLimit,2200
AddLimit,2600
AddLimit,1900
AddLimit,1900
AddLimit,2000
AddLimit,1900
AddLimit,1900
AddLimit,1900
AddLimit,2100
AddLimit,2100
AddLimit,2000
AddLimit,2000
AddLimit,1900
AddLimit,1900
AddLimit,1900
AddLimit,2200
AddLimit,2000
AddLimit,1800
AddLimit,1900
AddLimit,1900
AddLimit,2000
AddLimit,3100
AddLimit,8400
AddLimit,3700
AddLimit,3100
AddLimit,2800
AddLimit,2700
AddLimit,2700
AddLimit,2900
AddLimit,2700
AddLimit,2600
AddLimit,4300
AddLimit,2900
AddLimit,3000
AddLimit,3000
AddLimit,2800
AddLimit,2800
AddLimit,2600
AddLimit,2800
AddLimit,2500
AddLimit,2600
AddLimit,2900
AddLimit,2400
AddLimit,2700
AddLimit,2700
AddLimit,2800
AddLimit,3000
AddLimit,3500
AddLimit,2800
AddLimit,3400
AddLimit,2800
AddLimit,2800
AddLimit,2700
AddLimit,2700
AddLimit,3000
AddLimit,3300
AddLimit,3000
AddLimit,3200
AddLimit,3300
AddLimit,2900
AddLimit,3100
AddLimit,2900
AddLimit,3000
AddLimit,365400
AddLimit,4000
AddLimit,2900
AddLimit,2700
AddLimit,3000
AddLimit,3100
AddLimit,2700
AddLimit,2400
AddLimit,2400
AddLimit,2400
AddLimit,2200
AddLimit,2600
AddLimit,2400
AddLimit,7800
AddLimit,2800
AddLimit,2700
AddLimit,2900
AddLimit,3200
AddLimit,2800
AddLimit,2800
AddLimit,2900
AddLimit,2700
AddLimit,2600
AddLimit,2700
AddLimit,2800
AddLimit,2700
AddLimit,2900
AddLimit,2800
AddLimit,2600
AddLimit,2900
AddLimit,2500
AddLimit,2500
AddLimit,2600
AddLimit,2600
AddLimit,2700
AddLimit,2800
AddLimit,2600
AddLimit,2600
AddLimit,2700
AddLimit,2500
AddLimit,2800
AddLimit,2600
AddLimit,2900
AddLimit,2400
AddLimit,2600
AddLimit,2600
AddLimit,2600
AddLimit,2600
AddLimit,2900
AddLimit,2700
AddLimit,2600
AddLimit,2900
AddLimit,2500
AddLimit,2800
AddLimit,2500
AddLimit,2600
AddLimit,2600
AddLimit,3300
AddLimit,2900
AddLimit,2800
AddLimit,2800
AddLimit,2700
AddLimit,2600
AddLimit,2600
AddLimit,2700
AddLimit,2700
AddLimit,3400
AddLimit,2600
AddLimit,2500
AddLimit,2700
AddLimit,2500
AddLimit,2800
AddLimit,3000
AddLimit,2700
AddLimit,2600
AddLimit,2800
AddLimit,2900
AddLimit,2600
AddLimit,2800
AddLimit,3000
AddLimit,2800
AddLimit,2500
AddLimit,2700
AddLimit,2600
AddLimit,2700
AddLimit,2900
AddLimit,3100
AddLimit,2600
AddLimit,2600
AddLimit,2600
AddLimit,2900
AddLimit,2600
AddLimit,2800
AddLimit,2700
AddLimit,2600
AddLimit,2500
AddLimit,3100
AddLimit,2700
AddLimit,6700
AddLimit,2700
AddLimit,2300
AddLimit,2800
AddLimit,2600
AddLimit,2700
AddLimit,2700
AddLimit,2500
AddLimit,2600
AddLimit,2600
AddLimit,2800
AddLimit,2700
AddLimit,2600
AddLimit,2600
AddLimit,2500
AddLimit,2900
AddLimit,2500
AddLimit,2600
AddLimit,2500
AddLimit,2800
AddLimit,2900
AddLimit,2800
AddLimit,2800
AddLimit,2800
AddLimit,2900
AddLimit,2700
AddLimit,2400
AddLimit,2800
AddLimit,2800
AddLimit,2900
AddLimit,2700
AddLimit,2800
AddLimit,2600
AddLimit,2500
AddLimit,2500
AddLimit,2700
AddLimit,2400
AddLimit,2500
AddLimit,2400
AddLimit,2600
AddLimit,2700
AddLimit,2500
AddLimit,3000
AddLimit,3000
AddLimit,2500
AddLimit,2900
AddLimit,2700
AddLimit,2700
AddLimit,2700
AddLimit,2900
AddLimit,2500
AddLimit,3100
AddLimit,2700
AddLimit,2500
AddLimit,2500
AddLimit,2900
AddLimit,2800
AddLimit,2700
AddLimit,2500
AddLimit,2600
AddLimit,2500
AddLimit,2500
AddLimit,3100
AddLimit,3000
AddLimit,3100
AddLimit,2300
AddLimit,2800
AddLimit,2400
AddLimit,2800
AddLimit,2900
AddLimit,2800
AddLimit,2800
AddLimit,3000
AddLimit,2800
AddLimit,2500
AddLimit,2500
AddLimit,2600
AddLimit,2800
AddLimit,30900
AddLimit,2900
AddLimit,2800
AddLimit,2600
AddLimit,2400
AddLimit,2800
AddLimit,2600
AddLimit,8200
AddLimit,2700
AddLimit,2600
AddLimit,2600
AddLimit,2700
AddLimit,2500
AddLimit,2700
AddLimit,2800
AddLimit,2700
AddLimit,2800
AddLimit,2500
AddLimit,2800
AddLimit,2600
AddLimit,2700
AddLimit,2600
AddLimit,2700
AddLimit,3100
AddLimit,2600
AddLimit,2600
AddLimit,2500
AddLimit,2600
AddLimit,2700
AddLimit,3100
AddLimit,3000
AddLimit,2200
AddLimit,2000
AddLimit,2100
AddLimit,2400
AddLimit,2300
AddLimit,2000
AddLimit,1900
AddLimit,2100
AddLimit,2000
AddLimit,1900
AddLimit,2300
AddLimit,2000
AddLimit,1900
AddLimit,2100
AddLimit,2200
AddLimit,2000
AddLimit,1900
AddLimit,2000
AddLimit,2200
AddLimit,1900
AddLimit,2100
AddLimit,2200
AddLimit,1900
AddLimit,1900
AddLimit,1900
AddLimit,1900
AddLimit,2100
AddLimit,2000
AddLimit,1900
AddLimit,1900
AddLimit,1900
AddLimit,1800
AddLimit,1900
AddLimit,1900
AddLimit,2200
AddLimit,2000
AddLimit,2400
AddLimit,1900
AddLimit,2000
AddLimit,1900
AddLimit,1900
AddLimit,1900
AddLimit,2000
AddLimit,2200
AddLimit,2000
AddLimit,2000
AddLimit,1900
AddLimit,1900
AddLimit,2000
AddLimit,2000
AddLimit,2200
AddLimit,2200
AddLimit,2000
AddLimit,1900
AddLimit,2100
AddLimit,2400
AddLimit,2200
AddLimit,1900
AddLimit,2000
AddLimit,2000
AddLimit,1900
AddLimit,1900
AddLimit,6200
AddLimit,1800
AddLimit,1900
AddLimit,2300
AddLimit,1900
AddLimit,2000
AddLimit,2000
AddLimit,2000
AddLimit,2100
AddLimit,1900
AddLimit,1900
AddLimit,1900
AddLimit,12500
AddLimit,1800
AddLimit,1800
AddLimit,1900
AddLimit,1900
AddLimit,1900
AddLimit,2200
AddLimit,2000
AddLimit,2100
AddLimit,2200
AddLimit,2100
AddLimit,1900
AddLimit,2000
AddLimit,2200
AddLimit,1900
AddLimit,2000
AddLimit,2000
AddLimit,2200
AddLimit,2000
AddLimit,1900
AddLimit,1800
AddLimit,2200
AddLimit,1900
AddLimit,1800
AddLimit,2300
AddLimit,1900
AddLimit,2300
AddLimit,1900
AddLimit,2200
AddLimit,2000
AddLimit,1800
AddLimit,2000
AddLimit,2100
AddLimit,1900
AddLimit,1900
AddLimit,2000
AddLimit,1900
AddLimit,1900
AddLimit,1800
AddLimit,1800
AddLimit,2500
AddLimit,2000
AddLimit,2000
AddLimit,2000
AddLimit,1900
AddLimit,1900
AddLimit,2000
AddLimit,1800
AddLimit,2100
AddLimit,1900
AddLimit,1800
AddLimit,2000
AddLimit,2100
AddLimit,1900
AddLimit,1900
AddLimit,2100
AddLimit,2100
AddLimit,2000
AddLimit,1800
AddLimit,1900
AddLimit,1800
AddLimit,1900
AddLimit,1800
AddLimit,2000
AddLimit,2000
AddLimit,2100
AddLimit,9900
AddLimit,9900
AddLimit,1900
AddLimit,1900
AddLimit,1900
AddLimit,1900
AddLimit,2000
AddLimit,4600
AddLimit,2100
AddLimit,1900
AddLimit,1900
AddLimit,2200
AddLimit,1900
AddLimit,2000
AddLimit,2000
AddLimit,2600
AddLimit,2000
AddLimit,2000
AddLimit,2000
AddLimit,2300
AddLimit,2400
AddLimit,2400
AddLimit,2300
AddLimit,2000
AddLimit,2100
AddLimit,2000
AddLimit,2000
AddLimit,2100
AddLimit,1900
AddLimit,1900
AddLimit,2000
AddLimit,1900
AddLimit,1900
AddLimit,1900
AddLimit,1800
AddLimit,2100
AddLimit,2000
AddLimit,1900
AddLimit,2100
AddLimit,2100
AddLimit,1900
AddLimit,1900
AddLimit,2000
AddLimit,1900
AddLimit,1900
AddLimit,1900
AddLimit,2000
AddLimit,2100
AddLimit,1900
AddLimit,2000
AddLimit,2100
AddLimit,1800
AddLimit,2100
AddLimit,1800
AddLimit,2100
AddLimit,2000
AddLimit,17300
AddLimit,2000
AddLimit,1900
AddLimit,1900
AddLimit,2100
AddLimit,2100
AddLimit,2100
AddLimit,1900
AddLimit,2000
AddLimit,2000
AddLimit,1900
AddLimit,1900
AddLimit,1900
AddLimit,2300
AddLimit,2100
AddLimit,1800
AddLimit,1900
AddLimit,1900
AddLimit,1900
AddLimit,2000
AddLimit,1900
AddLimit,2600
AddLimit,2300
AddLimit,1800
AddLimit,2200
AddLimit,1900
AddLimit,1900
AddLimit,2200
AddLimit,2000
AddLimit,1900
AddLimit,2200
AddLimit,2100
AddLimit,2100
AddLimit,2000
AddLimit,1800
AddLimit,2000
AddLimit,5800
AddLimit,2100
AddLimit,2200
AddLimit,2000
AddLimit,1900
AddLimit,1800
AddLimit,1900
AddLimit,1900
AddLimit,2000
AddLimit,2300
AddLimit,2100
AddLimit,2100
AddLimit,2000
AddLimit,1900
AddLimit,1900
AddLimit,2100
AddLimit,2100
AddLimit,1800
AddLimit,1900
AddLimit,2000
AddLimit,2200
AddLimit,1800
AddLimit,1800
AddLimit,2100
AddLimit,1900
AddLimit,1800
AddLimit,2000
AddLimit,2200
AddLimit,1900
AddLimit,1800
AddLimit,2400
AddLimit,1800
AddLimit,2000
AddLimit,1900
AddLimit,1900
AddLimit,2000
AddLimit,1800
AddLimit,1900
AddLimit,2000
AddLimit,1900
AddLimit,2000
AddLimit,2000
AddLimit,2200
AddLimit,1900
AddLimit,2000
AddLimit,1800
AddLimit,1800
AddLimit,1900
AddLimit,2000
AddLimit,2000
AddLimit,2000
AddLimit,1900
AddLimit,2000
AddLimit,2000
AddLimit,2100
AddLimit,2000
AddLimit,2000
AddLimit,2300
AddLimit,2100
AddLimit,2000
AddLimit,2000
AddLimit,1800
AddLimit,2000
AddLimit,1900
AddLimit,2000
AddLimit,2100
AddLimit,2200
AddLimit,1800
AddLimit,2100
AddLimit,1900
AddLimit,1900
AddLimit,2200
AddLimit,1900
AddLimit,2000
AddLimit,2000
AddLimit,2000
AddLimit,2000
AddLimit,2100
AddLimit,1900
AddLimit,2000
AddLimit,1900
AddLimit,1900
AddLimit,2200
AddLimit,1900
AddLimit,1900
AddLimit,1900
AddLimit,5000
AddLimit,2000
AddLimit,15200
AddLimit,1900
AddLimit,2000
AddLimit,2000
AddLimit,1900
AddLimit,2500
AddLimit,1800
AddLimit,2100
AddLimit,1900
AddLimit,2000
AddLimit,1800
AddLimit,2000
AddLimit,2000
AddLimit,1900
AddLimit,1900
AddLimit,1900
AddLimit,1900
AddLimit,1800
AddLimit,2400
AddLimit,2200
AddLimit,1900
AddLimit,2000
AddLimit,2400
AddLimit,1900
AddLimit,2000
AddLimit,2000
AddLimit,2000
AddLimit,2500
AddLimit,2200
AddLimit,2100
AddLimit,1900
AddLimit,1900
AddLimit,1900
AddLimit,2100
AddLimit,1900
AddLimit,2000
AddLimit,2100
AddLimit,2000
AddLimit,1900
AddLimit,1900
AddLimit,1800
AddLimit,1900
AddLimit,3100
AddLimit,2000
AddLimit,2100
AddLimit,2000
AddLimit,1900
AddLimit,2000
AddLimit,1900
AddLimit,1900
AddLimit,2100
AddLimit,1900
AddLimit,1900
AddLimit,1900
AddLimit,1800
AddLimit,2000
AddLimit,1900
AddLimit,1900
AddLimit,2000
AddLimit,2300
AddLimit,1900
AddLimit,1900
AddLimit,1900
AddLimit,1900
AddLimit,1900
AddLimit,2000
AddLimit,2100
AddLimit,2300
AddLimit,1800
AddLimit,1800
AddLimit,2100
AddLimit,1900
AddLimit,1900
AddLimit,1900
AddLimit,2000
AddLimit,2000
AddLimit,2300
AddLimit,1800
AddLimit,1900
AddLimit,2000
AddLimit,1900
AddLimit,2100
AddLimit,2100
AddLimit,5000
AddLimit,2000
AddLimit,1800
AddLimit,1900
AddLimit,2000
AddLimit,2000
AddLimit,2100
AddLimit,2000
AddLimit,2000
AddLimit,1900
AddLimit,2100
AddLimit,2100
AddLimit,1900
AddLimit,2000
AddLimit,2100
AddLimit,2200
AddLimit,2000
AddLimit,2000
AddLimit,2000
AddLimit,2400
AddLimit,2200
AddLimit,1900
AddLimit,1800
AddLimit,2300
AddLimit,1900
AddLimit,2000
AddLimit,2200
AddLimit,1900
AddLimit,1800
AddLimit,1800
AddLimit,2100
AddLimit,1900
AddLimit,2200
AddLimit,1900
AddLimit,1900
AddLimit,1900
AddLimit,2500
AddLimit,2000
AddLimit,1900
AddLimit,2200
AddLimit,1900
AddLimit,1900
AddLimit,1900
AddLimit,1800
AddLimit,1900
AddLimit,1900
AddLimit,1900
AddLimit,1900
AddLimit,2000
AddLimit,2000
AddLimit,2000
AddLimit,1900
AddLimit,2100
AddLimit,1900
AddLimit,1800
AddLimit,2000
AddLimit,1900
AddLimit,1900
AddLimit,1900
AddLimit,2000
AddLimit,2000
AddLimit,1900
AddLimit,1900
AddLimit,2100
AddLimit,2100
AddLimit,1900
AddLimit,1900
AddLimit,2000
AddLimit,1900
AddLimit,1900
AddLimit,1800
AddLimit,2000
AddLimit,2300
AddLimit,2000
AddLimit,1900
AddLimit,1800
AddLimit,2000
AddLimit,2000
AddLimit,1900
AddLimit,2100
AddLimit,1900
AddLimit,1900
AddLimit,1900
AddLimit,1900
AddLimit,1900
AddLimit,4600
AddLimit,2500
AddLimit,2000
AddLimit,2200
AddLimit,1900
AddLimit,2200
AddLimit,1800
AddLimit,1800
AddLimit,2000
AddLimit,2100
AddLimit,1900
AddLimit,1900
AddLimit,1900
AddLimit,1800
AddLimit,2000
AddLimit,1900
AddLimit,1800
AddLimit,1800
AddLimit,1900
AddLimit,2100
AddLimit,2100
AddLimit,14200
AddLimit,2500
AddLimit,2800
AddLimit,2000
AddLimit,1900
AddLimit,2100
AddLimit,2400
AddLimit,2000
AddLimit,2000
AddLimit,2100
AddLimit,1900
AddLimit,2100
AddLimit,2000
AddLimit,2000
AddLimit,2000
AddLimit,1900
AddLimit,1900
AddLimit,1800
AddLimit,2000
AddLimit,1800
AddLimit,1800
AddLimit,2200
AddLimit,1900
AddLimit,1900
AddLimit,1900
AddLimit,2000
AddLimit,1900
AddLimit,1800
AddLimit,1800
AddLimit,2100
AddLimit,2100
AddLimit,2000
AddLimit,2000
AddLimit,2000
AddLimit,2000
AddLimit,1900
AddLimit,1900
AddLimit,2200
AddLimit,2100
AddLimit,1900
AddLimit,2000
AddLimit,2000
AddLimit,1900
AddLimit,2000
AddLimit,2100
AddLimit,2100
AddLimit,2100
AddLimit,1800
AddLimit,1900
AddLimit,2200
AddLimit,1900
AddLimit,1900
AddLimit,2100
AddLimit,1900
AddLimit,1900
AddLimit,1900
AddLimit,2000
AddLimit,1900
AddLimit,1800
AddLimit,1900
AddLimit,2100
AddLimit,2000
AddLimit,1900
AddLimit,2200
AddLimit,2000
AddLimit,4800
AddLimit,2000
AddLimit,1900
AddLimit,1900
AddLimit,2000
AddLimit,1900
AddLimit,2000
AddLimit,1900
AddLimit,2200
AddLimit,2000
AddLimit,2100
AddLimit,1800
AddLimit,2000
AddLimit,1900
AddLimit,2100
AddLimit,2000
AddLimit,2100
AddLimit,1900
AddLimit,1900
AddLimit,2000
AddLimit,2000
AddLimit,1800
AddLimit,2100
AddLimit,1900
AddLimit,1900
AddLimit,2000
AddLimit,2000
AddLimit,1900
AddLimit,2600
AddLimit,1900
AddLimit,2100
AddLimit,2000
AddLimit,2200
AddLimit,2000
AddLimit,2000
AddLimit,2100
AddLimit,2100
AddLimit,2300
AddLimit,1900
AddLimit,2100
AddLimit,1900
AddLimit,2000
AddLimit,1900
AddLimit,1900
AddLimit,2000
AddLimit,2200
AddLimit,1800
AddLimit,2100
AddLimit,1900
AddLimit,2000
AddLimit,2100
AddLimit,1800
AddLimit,2000
AddLimit,1900
AddLimit,1900
AddLimit,1800
AddLimit,1900
AddLimit,1900
AddLimit,2000
AddLimit,2700
AddLimit,3600
AddLimit,3600
AddLimit,2100
AddLimit,1800
AddLimit,2000
AddLimit,1600
AddLimit,1800
AddLimit,1600
AddLimit,2500
AddLimit,4200
AddLimit,2200
AddLimit,2800
AddLimit,2700
AddLimit,6700
AddLimit,6300
AddLimit,3100
AddLimit,2600
AddLimit,3200
AddLimit,2600
AddLimit,3100
AddLimit,2700
AddLimit,3300
AddLimit,2600
AddLimit,3700
AddLimit,2700
AddLimit,8200
AddLimit,2900
AddLimit,2600
AddLimit,2800
AddLimit,2500
AddLimit,3300
AddLimit,5700
AddLimit,3100
AddLimit,3000
AddLimit,4600
AddLimit,3300
AddLimit,4000
AddLimit,3600
AddLimit,2200
AddLimit,4500
AddLimit,3600
AddLimit,2800
AddLimit,2800
AddLimit,3000
AddLimit,2700
AddLimit,3000
AddLimit,3500
AddLimit,2900
AddLimit,2700
AddLimit,3000
AddLimit,2700
AddLimit,2900
AddLimit,2900
AddLimit,3300
AddLimit,3500
AddLimit,3100
AddLimit,2600
AddLimit,2800
AddLimit,2300
AddLimit,5600
AddLimit,2200
AddLimit,2600
AddLimit,2800
AddLimit,2500
AddLimit,2600
AddLimit,2200
AddLimit,4100
AddLimit,4600
AddLimit,2700
AddLimit,3300
AddLimit,4000
AddLimit,4200
AddLimit,3300
AddLimit,2800
AddLimit,4000
AddLimit,3300
AddLimit,2900
AddLimit,3900
AddLimit,3200
AddLimit,3400
AddLimit,2600
AddLimit,2500
AddLimit,10400
AddLimit,3000
AddLimit,4900
AddLimit,3700
AddLimit,3300
AddLimit,2700
AddLimit,3600
AddLimit,2300
AddLimit,2900
AddLimit,2700
AddLimit,2600
AddLimit,3300
AddLimit,2800
AddLimit,2800
AddLimit,3200
AddLimit,2700
AddLimit,3000
AddLimit,2900
AddLimit,3800
AddLimit,3700
AddLimit,4000
AddLimit,3500
AddLimit,3100
AddLimit,3200
AddLimit,3500
AddLimit,3000
AddLimit,3500
AddLimit,3500
AddLimit,16600
AddLimit,3200
AddLimit,3100
AddLimit,3700
AddLimit,2800
AddLimit,2900
AddLimit,4900
AddLimit,3800
AddLimit,3300
AddLimit,2800
AddLimit,3500
AddLimit,3500
AddLimit,3100
AddLimit,3300
AddLimit,3400
AddLimit,2900
AddLimit,3500
AddLimit,3200
AddLimit,6500
AddLimit,2700
AddLimit,2700
AddLimit,2700
AddLimit,2800
AddLimit,2300
AddLimit,2300
AddLimit,2000
AddLimit,2000
AddLimit,2300
AddLimit,2000
AddLimit,2100
AddLimit,2100
AddLimit,2300
AddLimit,2200
AddLimit,2200
AddLimit,2100
AddLimit,2200
AddLimit,2100
AddLimit,2100
AddLimit,2200
AddLimit,2200
AddLimit,2200
AddLimit,2000
AddLimit,2000
AddLimit,2300
AddLimit,2100
AddLimit,2000
AddLimit,2100
AddLimit,2200
AddLimit,2200
AddLimit,1800
AddLimit,2200
AddLimit,2200
AddLimit,2200
AddLimit,2000
AddLimit,1900
AddLimit,2300
AddLimit,2200
AddLimit,1800
AddLimit,2200
AddLimit,2100
AddLimit,2000
AddLimit,1900
AddLimit,2400
AddLimit,2000
AddLimit,2000
AddLimit,2200
AddLimit,2000
AddLimit,2400
AddLimit,2300
AddLimit,2200
AddLimit,2100
AddLimit,2000
AddLimit,1900
AddLimit,1900
AddLimit,2400
AddLimit,1900
AddLimit,2100
AddLimit,1800
AddLimit,2100
AddLimit,2000
AddLimit,2400
AddLimit,2100
AddLimit,2100
AddLimit,2000
AddLimit,2000
AddLimit,2500
AddLimit,10900
AddLimit,1900
AddLimit,1900
AddLimit,1900
AddLimit,2200
AddLimit,2100
AddLimit,2100
AddLimit,2300
AddLimit,1900
AddLimit,1800
AddLimit,2000
AddLimit,2200
AddLimit,2400
AddLimit,2100
AddLimit,2100
AddLimit,1900
AddLimit,2100
AddLimit,2500
AddLimit,2000
AddLimit,2200
AddLimit,2400
AddLimit,2200
AddLimit,1800
AddLimit,2000
AddLimit,2500
AddLimit,2000
AddLimit,2200
AddLimit,2500
AddLimit,2200
AddLimit,2100
AddLimit,1800
AddLimit,2400
AddLimit,2000
AddLimit,2300
AddLimit,2400
AddLimit,2100
AddLimit,2700
AddLimit,2200
AddLimit,2300
AddLimit,1800
AddLimit,2300
AddLimit,2400
AddLimit,2400
AddLimit,1800
AddLimit,2500
AddLimit,2100
AddLimit,2400
AddLimit,1800
AddLimit,2300
AddLimit,2200
AddLimit,2000
AddLimit,2000
AddLimit,2700
AddLimit,1800
AddLimit,1800
AddLimit,2000
AddLimit,1900
AddLimit,2100
AddLimit,2100
AddLimit,1800
AddLimit,2300
AddLimit,2300
AddLimit,1900
AddLimit,2200
AddLimit,2100
AddLimit,1800
AddLimit,1800
AddLimit,2500
AddLimit,1900
AddLimit,2100
AddLimit,2300
AddLimit,1900
AddLimit,2100
AddLimit,2200
AddLimit,2100
AddLimit,1900
AddLimit,2100
AddLimit,1900
AddLimit,2000
AddLimit,1900
AddLimit,2800
AddLimit,1800
AddLimit,2100
AddLimit,2200
AddLimit,2300
AddLimit,8100
AddLimit,1800
AddLimit,2100
AddLimit,2000
AddLimit,2000
AddLimit,2600
AddLimit,2100
AddLimit,2300
AddLimit,2100
AddLimit,2000
AddLimit,2000
AddLimit,2400
AddLimit,2000
AddLimit,2100
AddLimit,2000
AddLimit,2600
AddLimit,2300
AddLimit,2900
AddLimit,1800
AddLimit,2300
AddLimit,2100
AddLimit,2200
AddLimit,2100
AddLimit,2400
AddLimit,2300
AddLimit,2300
AddLimit,1800
AddLimit,2000
AddLimit,2200
AddLimit,2600
AddLimit,2000
AddLimit,1800
AddLimit,2300
AddLimit,2000
AddLimit,2000
AddLimit,2000
AddLimit,2300
AddLimit,2200
AddLimit,2500
AddLimit,2200
AddLimit,2200
AddLimit,1900
AddLimit,2000
AddLimit,2000
AddLimit,1900
AddLimit,2000
AddLimit,2100
AddLimit,2800
AddLimit,2100
AddLimit,2100
AddLimit,1900
AddLimit,2200
AddLimit,2200
AddLimit,2200
AddLimit,1900
AddLimit,1900
AddLimit,2000
AddLimit,2000
AddLimit,1800
AddLimit,2100
AddLimit,2000
AddLimit,1900
AddLimit,1900
AddLimit,2400
AddLimit,2100
AddLimit,3200
AddLimit,39900
AddLimit,2500
AddLimit,2300
AddLimit,2100
AddLimit,1900
AddLimit,1800
AddLimit,1900
AddLimit,2000
AddLimit,1900
AddLimit,2100
AddLimit,1900
AddLimit,2000
AddLimit,1900
AddLimit,2000
AddLimit,1900
AddLimit,2400
AddLimit,2100
AddLimit,2100
AddLimit,1900
AddLimit,6100
AddLimit,1800
AddLimit,2600
AddLimit,2100
AddLimit,2300
AddLimit,2100
AddLimit,1900
AddLimit,2300
AddLimit,2200
AddLimit,2200
AddLimit,2100
AddLimit,2300
AddLimit,2100
AddLimit,2100
AddLimit,2000
AddLimit,2000
AddLimit,1800
AddLimit,2300
AddLimit,2200
AddLimit,2200
AddLimit,2200
AddLimit,2200
AddLimit,2400
AddLimit,2000
AddLimit,1900
AddLimit,2300
AddLimit,2100
AddLimit,2000
AddLimit,2200
AddLimit,2000
AddLimit,2100
AddLimit,2000
AddLimit,1800
AddLimit,1900
AddLimit,2000
AddLimit,2100
AddLimit,2000
AddLimit,2200
AddLimit,2200
AddLimit,2300
AddLimit,2000
AddLimit,1900
AddLimit,2700
AddLimit,24800
AddLimit,2300
AddLimit,2600
AddLimit,1900
AddLimit,1900
AddLimit,2000
AddLimit,2000
AddLimit,2500
AddLimit,1800
AddLimit,2100
AddLimit,2100
AddLimit,2300
AddLimit,2000
AddLimit,1900
AddLimit,2000
AddLimit,2300
AddLimit,2000
AddLimit,2100
AddLimit,2100
AddLimit,2000
AddLimit,2000
AddLimit,2200
AddLimit,2000
AddLimit,2000
AddLimit,2100
AddLimit,1900
AddLimit,2100
AddLimit,2200
AddLimit,2000
AddLimit,2000
AddLimit,2000
AddLimit,2200
AddLimit,2300
AddLimit,2000
AddLimit,2000
AddLimit,2000
AddLimit,1900
AddLimit,2000
AddLimit,2000
AddLimit,2200
AddLimit,1900
AddLimit,2000
AddLimit,16400
AddLimit,11200
AddLimit,4800
AddLimit,3600
AddLimit,3800
AddLimit,3300
AddLimit,4900
AddLimit,4100
AddLimit,4000
AddLimit,3600
AddLimit,3700
AddLimit,3300
AddLimit,3500
AddLimit,3500
AddLimit,3300
AddLimit,3500
AddLimit,3300
AddLimit,3900
AddLimit,4000
AddLimit,3100
AddLimit,2900
AddLimit,3500
AddLimit,3600
AddLimit,3900
AddLimit,2500
AddLimit,2300
AddLimit,2100
AddLimit,3700
AddLimit,3800
AddLimit,2400
AddLimit,2400
AddLimit,2200
AddLimit,1900
AddLimit,1900
AddLimit,2200
AddLimit,2100
AddLimit,2100
AddLimit,2400
AddLimit,2100
AddLimit,19300
AddLimit,1900
AddLimit,2100
AddLimit,2600
AddLimit,2300
AddLimit,2200
AddLimit,2400
AddLimit,2300
AddLimit,2300
AddLimit,2200
AddLimit,2100
AddLimit,2000
AddLimit,2400
AddLimit,1900
AddLimit,2200
AddLimit,2500
AddLimit,2200
AddLimit,2000
AddLimit,1800
AddLimit,2000
AddLimit,1800
AddLimit,2300
AddLimit,2300
AddLimit,2300
AddLimit,2500
AddLimit,2100
AddLimit,2000
AddLimit,1900
AddLimit,2100
AddLimit,2100
AddLimit,2500
AddLimit,2200
AddLimit,2100
AddLimit,2100
AddLimit,1900
AddLimit,2300
AddLimit,2200
AddLimit,2000
AddLimit,2200
AddLimit,2000
AddLimit,2000
AddLimit,1900
AddLimit,2300
AddLimit,20300
AddLimit,2300
AddLimit,2100
AddLimit,2100
AddLimit,6900
AddLimit,2500
AddLimit,1900
AddLimit,2000
AddLimit,2100
AddLimit,2100
AddLimit,2000
AddLimit,2300
AddLimit,2100
AddLimit,2200
AddLimit,2000
AddLimit,2200
AddLimit,2000
AddLimit,2000
AddLimit,2900
AddLimit,3200
AddLimit,3700
AddLimit,3000
AddLimit,7600
AddLimit,5200
AddLimit,4000
AddLimit,3300
AddLimit,3400
AddLimit,3100
AddLimit,29700
AddLimit,3700
AddLimit,4100
AddLimit,3800
AddLimit,5900
AddLimit,3900
AddLimit,3500
AddLimit,3900
AddLimit,3200
AddLimit,3400
AddLimit,2900
AddLimit,3200
AddLimit,3800
AddLimit,3300
AddLimit,3100
AddLimit,3900
AddLimit,4200
AddLimit,4100
AddLimit,3500
AddLimit,3300
AddLimit,3500
AddLimit,4700
AddLimit,4300
AddLimit,3100
AddLimit,2900
AddLimit,3500
AddLimit,3400
AddLimit,3600
AddLimit,3500
AddLimit,3100
AddLimit,4400
AddLimit,3600
AddLimit,3800
AddLimit,4000
AddLimit,3200
AddLimit,2900
AddLimit,3800
AddLimit,3400
AddLimit,4700
AddLimit,3700
AddLimit,3800
AddLimit,3200
AddLimit,3500
AddLimit,5700
AddLimit,3700
AddLimit,4100
AddLimit,3200
AddLimit,3900
AddLimit,3700
AddLimit,3300
AddLimit,6400
AddLimit,6500
AddLimit,3000
AddLimit,4500
AddLimit,3100
AddLimit,3300
AddLimit,6800
AddLimit,2500
AddLimit,2800
AddLimit,2500
AddLimit,2400
AddLimit,7200
AddLimit,3400
AddLimit,2800
AddLimit,2100
AddLimit,2800
AddLimit,2300
AddLimit,2600
AddLimit,2300
AddLimit,2500
AddLimit,2000
AddLimit,2100
AddLimit,2900
AddLimit,2900
AddLimit,1800
AddLimit,1800
AddLimit,1900
AddLimit,1900
AddLimit,2100
AddLimit,2100
AddLimit,1500
AddLimit,1800
AddLimit,1900
AddLimit,1900
AddLimit,1500
AddLimit,1600
AddLimit,1900
AddLimit,2000
AddLimit,2200
AddLimit,1700
AddLimit,1700
AddLimit,1600
AddLimit,2000
AddLimit,1700
AddLimit,1700
AddLimit,1900
AddLimit,2000
AddLimit,1700
AddLimit,1800
AddLimit,1900
AddLimit,1800
AddLimit,1600
AddLimit,1700
AddLimit,2000
AddLimit,2000
AddLimit,1600
AddLimit,1600
AddLimit,1600
AddLimit,1600
AddLimit,1900
AddLimit,1800
AddLimit,1900
AddLimit,1800
AddLimit,1800
AddLimit,1800
AddLimit,1900
AddLimit,2000
AddLimit,1700
AddLimit,1800
AddLimit,2600
AddLimit,2600
AddLimit,2200
AddLimit,2300
AddLimit,3400
AddLimit,2100
AddLimit,2800
AddLimit,2300
AddLimit,2500
AddLimit,2600
AddLimit,2300
AddLimit,2500
AddLimit,2500
AddLimit,3000
AddLimit,1700
AddLimit,1900
AddLimit,1900
AddLimit,18900
AddLimit,1900
AddLimit,1600
AddLimit,1700
AddLimit,2000
AddLimit,1500
AddLimit,2100
AddLimit,1700
AddLimit,2400
AddLimit,1800
AddLimit,1500
AddLimit,5700
AddLimit,1700
AddLimit,1700
AddLimit,1600
AddLimit,2000
AddLimit,1500
AddLimit,1600
AddLimit,1600
AddLimit,1700
AddLimit,1600
AddLimit,1800
AddLimit,1800
AddLimit,1700
AddLimit,2400
AddLimit,2000
AddLimit,1700
AddLimit,1800
AddLimit,1700
AddLimit,2500
AddLimit,2300
AddLimit,2400
AddLimit,2200
AddLimit,7100
AddLimit,3600
AddLimit,3200
AddLimit,3100
AddLimit,3100
AddLimit,3000
AddLimit,3200
AddLimit,2800
AddLimit,2700
AddLimit,2900
AddLimit,3000
AddLimit,3000
AddLimit,2900
AddLimit,3100
AddLimit,3100
AddLimit,3100
AddLimit,2700
AddLimit,2900
AddLimit,2900
AddLimit,3100
AddLimit,2700
AddLimit,3000
AddLimit,3300
AddLimit,2900
AddLimit,2800
AddLimit,2900
AddLimit,2900
AddLimit,2800
AddLimit,3100
AddLimit,3200
AddLimit,3000
AddLimit,2900
AddLimit,2900
AddLimit,2800
AddLimit,2900
AddLimit,2600
AddLimit,2800
AddLimit,2700
AddLimit,3000
AddLimit,2900
AddLimit,2700
AddLimit,2900
AddLimit,2900
AddLimit,3300
AddLimit,2900
AddLimit,2800
AddLimit,2800
AddLimit,2800
AddLimit,2700
AddLimit,3100
AddLimit,3100
AddLimit,3100
AddLimit,3000
AddLimit,3200
AddLimit,2700
AddLimit,2800
AddLimit,3000
AddLimit,2700
AddLimit,2600
AddLimit,2900
AddLimit,3200
AddLimit,2900
AddLimit,3100
AddLimit,9000
AddLimit,3000
AddLimit,2700
AddLimit,3000
AddLimit,3000
AddLimit,2900
AddLimit,2800
AddLimit,2900
AddLimit,3100
AddLimit,2900
AddLimit,3000
AddLimit,2800
AddLimit,3100
AddLimit,2800
AddLimit,2900
AddLimit,2900
AddLimit,2500
AddLimit,3100
AddLimit,2700
AddLimit,2800
AddLimit,3000
AddLimit,2700
AddLimit,2600
AddLimit,3000
AddLimit,2700
AddLimit,3100
AddLimit,2600
AddLimit,3100
AddLimit,3100
AddLimit,2900
AddLimit,2700
AddLimit,3100
AddLimit,2800
AddLimit,3500
AddLimit,2600
AddLimit,3000
AddLimit,2800
AddLimit,2800
AddLimit,2700
AddLimit,3300
AddLimit,3300
AddLimit,2700
AddLimit,2900
AddLimit,3300
AddLimit,2900
AddLimit,2700
AddLimit,2900
AddLimit,2700
AddLimit,2800
AddLimit,2900
AddLimit,3000
AddLimit,3200
AddLimit,2700
AddLimit,2600
AddLimit,3000
AddLimit,3000
AddLimit,2800
AddLimit,2800
AddLimit,3000
AddLimit,2900
AddLimit,2900
AddLimit,3600
AddLimit,2900
AddLimit,3200
AddLimit,2900
AddLimit,2700
AddLimit,2700
AddLimit,2600
AddLimit,3400
AddLimit,3200
AddLimit,3000
AddLimit,2800
AddLimit,2600
AddLimit,3100
AddLimit,3000
AddLimit,2900
AddLimit,3100
AddLimit,2800
AddLimit,4300
AddLimit,3200
AddLimit,2800
AddLimit,4800
AddLimit,3000
AddLimit,3200
AddLimit,28500
AddLimit,10300
AddLimit,3100
AddLimit,3200
AddLimit,2700
AddLimit,3000
AddLimit,3000
AddLimit,2900
AddLimit,3000
AddLimit,2900
AddLimit,3000
AddLimit,3100
AddLimit,2900
AddLimit,2900
AddLimit,3300
AddLimit,3100
AddLimit,3100
AddLimit,3100
AddLimit,3200
AddLimit,3200
AddLimit,2800
AddLimit,3000
AddLimit,24800
AddLimit,3100
AddLimit,3000
AddLimit,2800
AddLimit,3000
AddLimit,2800
AddLimit,3200
AddLimit,2800
AddLimit,2800
AddLimit,3200
AddLimit,2900
AddLimit,3000
AddLimit,3000
AddLimit,3200
AddLimit,2900
AddLimit,2700
AddLimit,2600
AddLimit,3000
AddLimit,3100
AddLimit,3000
AddLimit,6600
AddLimit,4200
AddLimit,3800
AddLimit,3100
AddLimit,3300
AddLimit,3000
AddLimit,2800
AddLimit,2900
AddLimit,2700
AddLimit,2900
AddLimit,3400
AddLimit,3000
AddLimit,2900
AddLimit,2900
AddLimit,3000
AddLimit,2900
AddLimit,3200
AddLimit,3000
AddLimit,5200
AddLimit,2200
AddLimit,1800
AddLimit,1800
AddLimit,1900
AddLimit,1900
AddLimit,1700
AddLimit,1800
AddLimit,2200
AddLimit,1800
AddLimit,2300
AddLimit,2700
AddLimit,2300
AddLimit,2400
AddLimit,2500
AddLimit,2100
AddLimit,3500
AddLimit,2600
AddLimit,2200
AddLimit,1800
AddLimit,1800
AddLimit,2600
AddLimit,2500
AddLimit,3100
AddLimit,2200
AddLimit,2300
AddLimit,1700
AddLimit,7200
AddLimit,2500
AddLimit,1800
AddLimit,2100
AddLimit,1900
AddLimit,1800
AddLimit,1600
AddLimit,1700
AddLimit,1900
AddLimit,1900
AddLimit,1800
AddLimit,1800
AddLimit,1800
AddLimit,1900
AddLimit,1600
AddLimit,1800
AddLimit,1900
AddLimit,1700
AddLimit,2000
AddLimit,1700
AddLimit,2700
AddLimit,1800
AddLimit,1800
AddLimit,1700
AddLimit,1900
AddLimit,2000
AddLimit,2100
AddLimit,2000
AddLimit,2200
AddLimit,2100
AddLimit,1600
AddLimit,1600
AddLimit,1900
AddLimit,1900
AddLimit,2000
AddLimit,1800
AddLimit,1700
AddLimit,1700
AddLimit,1600
AddLimit,1700
AddLimit,1600
AddLimit,1900
AddLimit,2200
AddLimit,2000
AddLimit,1800
AddLimit,2200
AddLimit,2500
AddLimit,2200
AddLimit,2200
AddLimit,2000
AddLimit,1700
AddLimit,1600
AddLimit,2500
AddLimit,7400
AddLimit,3700
AddLimit,2800
AddLimit,3100
AddLimit,2900
AddLimit,2900
AddLimit,3200
AddLimit,3100
AddLimit,3300
AddLimit,4400
AddLimit,2800
AddLimit,3300
AddLimit,3000
AddLimit,3100
AddLimit,2600
AddLimit,3100
AddLimit,2700
AddLimit,2700
AddLimit,3000
AddLimit,3200
AddLimit,2700
AddLimit,37900
AddLimit,3600
AddLimit,2500
AddLimit,2400
AddLimit,2100
AddLimit,2500
AddLimit,2300
AddLimit,2000
AddLimit,2000
AddLimit,3200
AddLimit,3800
AddLimit,18500
AddLimit,4000
AddLimit,3400
AddLimit,3600
AddLimit,3900
AddLimit,3900
AddLimit,4300
AddLimit,4000
AddLimit,3400
AddLimit,3700
AddLimit,3400
AddLimit,2600
AddLimit,2700
AddLimit,2000
AddLimit,2300
AddLimit,2000
AddLimit,2100
AddLimit,2200
AddLimit,2600
AddLimit,3800
AddLimit,3400
AddLimit,3100
AddLimit,2200
AddLimit,3100
AddLimit,3000
AddLimit,4100
AddLimit,4000
AddLimit,3500
AddLimit,3400
AddLimit,3000
AddLimit,2700
AddLimit,3600
AddLimit,6300
AddLimit,4400
AddLimit,3900
AddLimit,6200
AddLimit,3100
AddLimit,3500
AddLimit,2500
AddLimit,3000
AddLimit,2500
AddLimit,3300
AddLimit,3500
AddLimit,4000
AddLimit,3700
AddLimit,3500
AddLimit,3200
AddLimit,3400
AddLimit,2200
AddLimit,2000
AddLimit,3300
AddLimit,3100
AddLimit,3900
AddLimit,3300
AddLimit,3800
AddLimit,4000
AddLimit,3500
AddLimit,3400
AddLimit,3600
AddLimit,2200
AddLimit,1900
AddLimit,2700
AddLimit,2300
AddLimit,2200
AddLimit,2100
AddLimit,2000
AddLimit,2200
AddLimit,1700
AddLimit,2000
AddLimit,1900
AddLimit,1800
AddLimit,3900
AddLimit,3300
AddLimit,3500
AddLimit,3600
AddLimit,3600
AddLimit,4100
AddLimit,3900
AddLimit,3200
AddLimit,4100
AddLimit,2200
AddLimit,2000
AddLimit,1900
AddLimit,1900
AddLimit,1900
AddLimit,15600
AddLimit,3700
AddLimit,3900
AddLimit,3300
AddLimit,4000
AddLimit,3500
AddLimit,3700
AddLimit,3400
AddLimit,4100
AddLimit,2300
AddLimit,2000
AddLimit,1900
AddLimit,1800
AddLimit,2000
AddLimit,1900
AddLimit,2000
AddLimit,2000
AddLimit,2900
AddLimit,3500
AddLimit,3100
AddLimit,3900
AddLimit,4000
AddLimit,3600
AddLimit,3900
AddLimit,2100
AddLimit,3100
AddLimit,3900
AddLimit,3100
AddLimit,1900
AddLimit,2100
AddLimit,2200
AddLimit,2100
AddLimit,2100
AddLimit,1800
AddLimit,2000
AddLimit,1900
AddLimit,3100
AddLimit,4200
AddLimit,3600
AddLimit,3500
AddLimit,3900
AddLimit,5200
AddLimit,3600
AddLimit,2000
AddLimit,2100
AddLimit,2200
AddLimit,1900
AddLimit,3400
AddLimit,3400
AddLimit,3400
AddLimit,4700
AddLimit,3700
AddLimit,3500
AddLimit,3700
AddLimit,3000
AddLimit,3200
AddLimit,3200
AddLimit,3200
AddLimit,2300
AddLimit,1900
AddLimit,1900
AddLimit,2300
AddLimit,2000
AddLimit,2200
AddLimit,1700
AddLimit,3300
AddLimit,4100
AddLimit,3500
AddLimit,3900
AddLimit,3800
AddLimit,3700
AddLimit,3600
AddLimit,3300
AddLimit,3500
AddLimit,3500
AddLimit,2100
AddLimit,2200
AddLimit,2300
AddLimit,2100
AddLimit,2300
AddLimit,2000
AddLimit,1900
AddLimit,2000
AddLimit,2800
AddLimit,3300
AddLimit,3700
AddLimit,11200
AddLimit,4900
AddLimit,4000
AddLimit,3900
AddLimit,4400
AddLimit,2300
AddLimit,2200
AddLimit,1900
AddLimit,2300
AddLimit,1900
AddLimit,2200
AddLimit,2000
AddLimit,2000
AddLimit,2900
AddLimit,3200
AddLimit,3600
AddLimit,3400
AddLimit,3800
AddLimit,3800
AddLimit,3200
AddLimit,3700
AddLimit,3400
AddLimit,3100
AddLimit,1900
AddLimit,2100
AddLimit,2700
AddLimit,2200
AddLimit,2100
AddLimit,20300
AddLimit,3400
AddLimit,3500
AddLimit,3700
AddLimit,3400
AddLimit,3600
AddLimit,4000
AddLimit,3200
AddLimit,3900
AddLimit,3400
AddLimit,3600
AddLimit,3700
AddLimit,3900
AddLimit,2200
AddLimit,3200
AddLimit,3600
AddLimit,4000
AddLimit,3700
AddLimit,3200
AddLimit,4100
AddLimit,3800
AddLimit,3400
AddLimit,3500
AddLimit,3400
AddLimit,3800
AddLimit,3800
AddLimit,3500
AddLimit,3400
AddLimit,3900
AddLimit,3500
AddLimit,3300
AddLimit,3800
AddLimit,3800
AddLimit,3200
AddLimit,3900
AddLimit,3500
AddLimit,4200
AddLimit,4400
AddLimit,3800
AddLimit,3600
AddLimit,2800
AddLimit,2000
AddLimit,2000
AddLimit,2100
AddLimit,2900
AddLimit,5100
AddLimit,3900
AddLimit,3900
AddLimit,3900
AddLimit,3700
AddLimit,6300
AddLimit,2900
AddLimit,3400
AddLimit,3200
AddLimit,2800
AddLimit,3100
AddLimit,3400
AddLimit,26800
AddLimit,3800
AddLimit,5000
AddLimit,2600
AddLimit,3700
AddLimit,4000
AddLimit,4300
AddLimit,4100
AddLimit,3800
AddLimit,4900
AddLimit,3300
AddLimit,3800
AddLimit,3200
AddLimit,2300
AddLimit,2300
AddLimit,2500
AddLimit,2100
AddLimit,2500
AddLimit,2000
AddLimit,2300
AddLimit,2300
AddLimit,2100
AddLimit,3200
AddLimit,5200
AddLimit,3900
AddLimit,4000
AddLimit,4200
AddLimit,4100
AddLimit,2400
AddLimit,2300
AddLimit,2200
AddLimit,2300
AddLimit,2100
AddLimit,2100
AddLimit,2100
AddLimit,2200
AddLimit,2500
AddLimit,3200
AddLimit,3700
AddLimit,4000
AddLimit,3900
AddLimit,3600
AddLimit,3900
AddLimit,3600
AddLimit,2500
AddLimit,2000
AddLimit,1700
AddLimit,2000
AddLimit,3200
AddLimit,3300
AddLimit,4900
AddLimit,4900
AddLimit,45800
AddLimit,3100
AddLimit,3400
AddLimit,3600
AddLimit,3700
AddLimit,3800
AddLimit,3500
AddLimit,3900
AddLimit,3100
AddLimit,2200
AddLimit,2000
AddLimit,2400
AddLimit,2000
AddLimit,3300
AddLimit,4500
AddLimit,4200
AddLimit,3500
AddLimit,3100
AddLimit,3500
AddLimit,2900
AddLimit,1800
AddLimit,1700
AddLimit,2200
AddLimit,1900
AddLimit,3100
AddLimit,4800
AddLimit,3900
AddLimit,3500
AddLimit,4200
AddLimit,4500
AddLimit,2500
AddLimit,2100
AddLimit,2100
AddLimit,13800
AddLimit,3500
AddLimit,3500
AddLimit,4100
AddLimit,3900
AddLimit,3600
AddLimit,3300
AddLimit,3800
AddLimit,3100
AddLimit,4000
AddLimit,3800
AddLimit,3500
AddLimit,4300
AddLimit,4000
AddLimit,3100
AddLimit,2200
AddLimit,3600
AddLimit,3700
AddLimit,6300
AddLimit,2700
AddLimit,2200
AddLimit,2200
AddLimit,2100
AddLimit,2300
AddLimit,2200
AddLimit,2300
AddLimit,2300
AddLimit,2100
AddLimit,2300
AddLimit,2400
AddLimit,2100
AddLimit,2300
AddLimit,2200
AddLimit,2200
AddLimit,3400
AddLimit,3300
AddLimit,4500
AddLimit,3800
AddLimit,4100
AddLimit,3900
AddLimit,4000
AddLimit,2500
AddLimit,1900
AddLimit,2100
AddLimit,2500
AddLimit,2200
AddLimit,3300
AddLimit,5700
AddLimit,4400
AddLimit,3700
AddLimit,4100
AddLimit,2900
AddLimit,2100
AddLimit,2300
AddLimit,2100
AddLimit,2100
AddLimit,3600
AddLimit,3400
AddLimit,3700
AddLimit,3400
AddLimit,3800
AddLimit,3500
AddLimit,3300
AddLimit,2400
AddLimit,2200
AddLimit,2400
AddLimit,2200
AddLimit,2100
AddLimit,2900
AddLimit,3600
AddLimit,4200
AddLimit,3200
AddLimit,3300
AddLimit,4100
AddLimit,3200
AddLimit,2100
AddLimit,2100
AddLimit,2200
AddLimit,1800
AddLimit,3200
AddLimit,3900
AddLimit,3400
AddLimit,4200
AddLimit,4300
AddLimit,23500
AddLimit,7200
AddLimit,14300
AddLimit,7600
AddLimit,7200
AddLimit,3300
AddLimit,3400
AddLimit,3500
AddLimit,3300
AddLimit,3100
AddLimit,3200
AddLimit,3400
AddLimit,3100
AddLimit,3400
AddLimit,3200
AddLimit,3700
AddLimit,3800
AddLimit,3000
AddLimit,3400
AddLimit,40100
AddLimit,3300
AddLimit,3300
AddLimit,3100
AddLimit,3000
AddLimit,2800
AddLimit,2700
AddLimit,3400
AddLimit,3000
AddLimit,3000
AddLimit,2700
AddLimit,3200
AddLimit,3400
AddLimit,3300
AddLimit,11900
AddLimit,5800
AddLimit,3500
AddLimit,3700
AddLimit,3500
AddLimit,3800
AddLimit,2900
AddLimit,3200
AddLimit,2900
AddLimit,386300
AddLimit,6800
AddLimit,5300
AddLimit,5300
AddLimit,4000
AddLimit,4400
AddLimit,3800
AddLimit,3400
AddLimit,3700
AddLimit,3700
AddLimit,3700
AddLimit,3100
AddLimit,3700
AddLimit,5500
AddLimit,3500
AddLimit,4000
AddLimit,3400
AddLimit,3200
AddLimit,3800
AddLimit,2800
AddLimit,3300
AddLimit,2900
AddLimit,3200
AddLimit,3600
AddLimit,3400
AddLimit,3300
AddLimit,3000
AddLimit,3200
AddLimit,3700
AddLimit,6100
AddLimit,5100
AddLimit,3600
AddLimit,4000
AddLimit,9400
AddLimit,3800
AddLimit,5100
AddLimit,3700
AddLimit,4300
AddLimit,2400
AddLimit,2300
AddLimit,2100
AddLimit,2300
AddLimit,2300
AddLimit,2100
AddLimit,4200
AddLimit,6900
AddLimit,2500
AddLimit,2300
AddLimit,2100
AddLimit,2400
AddLimit,2200
AddLimit,2000
AddLimit,2400
AddLimit,1800
AddLimit,2000
AddLimit,2100
AddLimit,2000
AddLimit,2000
AddLimit,2200
AddLimit,1800
AddLimit,2000
AddLimit,1900
AddLimit,2200
AddLimit,2100
AddLimit,2200
AddLimit,2200
AddLimit,2100
AddLimit,1900
AddLimit,1800
AddLimit,1900
AddLimit,1900
AddLimit,2200
AddLimit,2000
AddLimit,2100
AddLimit,2200
AddLimit,2100
AddLimit,2200
AddLimit,2400
AddLimit,1800
AddLimit,1900
AddLimit,1800
AddLimit,2300
AddLimit,2000
AddLimit,2100
AddLimit,2000
AddLimit,2500
AddLimit,2100
AddLimit,8100
AddLimit,2900
AddLimit,2900
AddLimit,3200
AddLimit,3500
AddLimit,3200
AddLimit,2900
AddLimit,3400
AddLimit,3400
AddLimit,4200
AddLimit,2600
AddLimit,2300
AddLimit,2100
AddLimit,2400
AddLimit,2100
AddLimit,2400
AddLimit,2200
AddLimit,2200
AddLimit,2400
AddLimit,2300
AddLimit,2100
AddLimit,2600
AddLimit,2300
AddLimit,2300
AddLimit,1800
AddLimit,2100
AddLimit,2200
AddLimit,2400
AddLimit,2400
AddLimit,2300
AddLimit,2300
AddLimit,2000
AddLimit,2300
AddLimit,2300
AddLimit,2300
AddLimit,1800
AddLimit,2100
AddLimit,2800
AddLimit,3800
AddLimit,4200
AddLimit,3400
AddLimit,3100
AddLimit,3300
AddLimit,9700
AddLimit,2600
AddLimit,2900
AddLimit,2200
AddLimit,2300
AddLimit,1800
AddLimit,2300
AddLimit,2200
AddLimit,2100
AddLimit,2100
AddLimit,2000
AddLimit,2100
AddLimit,2100
AddLimit,2200
AddLimit,2100
AddLimit,2200
AddLimit,2300
AddLimit,2100
AddLimit,2200
AddLimit,2200
AddLimit,2100
AddLimit,2100
AddLimit,2000
AddLimit,2500
AddLimit,2300
AddLimit,2100
AddLimit,2100
AddLimit,2300
AddLimit,2100
AddLimit,2300
AddLimit,2100
AddLimit,2100
AddLimit,2700
AddLimit,2700
AddLimit,2300
AddLimit,2200
AddLimit,2300
AddLimit,2100
AddLimit,2300
AddLimit,1900
AddLimit,1900
AddLimit,2000
AddLimit,1900
AddLimit,1900
AddLimit,2200
AddLimit,2200
AddLimit,2000
AddLimit,3500
AddLimit,4400
AddLimit,3600
AddLimit,3600
AddLimit,2800
AddLimit,3200
AddLimit,3400
AddLimit,3400
AddLimit,3400
AddLimit,3100
AddLimit,4000
AddLimit,4200
AddLimit,3800
AddLimit,3200
AddLimit,2900
AddLimit,3600
AddLimit,3300
AddLimit,3100
AddLimit,3500
AddLimit,3700
AddLimit,3300
AddLimit,3300
AddLimit,3100
AddLimit,2900
AddLimit,3400
AddLimit,3100
AddLimit,2800
AddLimit,3100
AddLimit,3100
AddLimit,3300
AddLimit,2900
AddLimit,2700
AddLimit,3500
AddLimit,3000
AddLimit,3200
AddLimit,3500
AddLimit,3000
AddLimit,2700
AddLimit,3000
AddLimit,8400
AddLimit,4100
AddLimit,3300
AddLimit,3200
AddLimit,32900
AddLimit,2800
AddLimit,3400
AddLimit,3700
AddLimit,4700
AddLimit,3600
AddLimit,3100
AddLimit,3200
AddLimit,3700
AddLimit,3400
AddLimit,3000
AddLimit,3200
AddLimit,3000
AddLimit,3300
AddLimit,3000
AddLimit,3100
AddLimit,3800
AddLimit,3500
AddLimit,2600
AddLimit,3600
AddLimit,4100
AddLimit,3100
AddLimit,4100
AddLimit,4800
AddLimit,3800
AddLimit,3900
AddLimit,3600
AddLimit,4100
AddLimit,3200
AddLimit,2900
AddLimit,2900
AddLimit,3900
AddLimit,2900
AddLimit,2700
AddLimit,3300
AddLimit,3600
AddLimit,3100
AddLimit,3300
AddLimit,3600
AddLimit,2700
AddLimit,3300
AddLimit,3200
AddLimit,3400
AddLimit,2900
AddLimit,3300
AddLimit,2700
AddLimit,3000
AddLimit,3000
AddLimit,3300
AddLimit,3100
AddLimit,3600
AddLimit,2900
AddLimit,3400
AddLimit,3200
AddLimit,2800
AddLimit,2700
AddLimit,3400
AddLimit,3200
AddLimit,2800
AddLimit,2800
AddLimit,3000
AddLimit,3200
AddLimit,3300
AddLimit,3300
AddLimit,3400
AddLimit,3400
AddLimit,3200
AddLimit,4100
AddLimit,3500
AddLimit,4500
AddLimit,3300
AddLimit,4000
AddLimit,3400
AddLimit,2900
AddLimit,3800
AddLimit,3100
AddLimit,3200
AddLimit,3100
AddLimit,3000
AddLimit,3200
AddLimit,3200
AddLimit,13000
AddLimit,3700
AddLimit,3000
AddLimit,3100
AddLimit,3000
AddLimit,2900
AddLimit,2800
AddLimit,3000
AddLimit,2900
AddLimit,2800
AddLimit,3100
AddLimit,3000
AddLimit,2900
AddLimit,3100
AddLimit,2900
AddLimit,3200
AddLimit,3800
AddLimit,3100
AddLimit,3100
AddLimit,3000
AddLimit,3000
AddLimit,3100
AddLimit,3500
AddLimit,3200
AddLimit,2800
AddLimit,2900
AddLimit,3200
AddLimit,3000
AddLimit,3100
AddLimit,2600
AddLimit,3000
AddLimit,4100
AddLimit,3000
AddLimit,2900
AddLimit,3300
AddLimit,3900
AddLimit,3300
AddLimit,3100
AddLimit,3300
AddLimit,3400
AddLimit,3000
AddLimit,3000
AddLimit,2900
AddLimit,3200
AddLimit,2900
AddLimit,3000
AddLimit,6800
AddLimit,3400
AddLimit,3200
AddLimit,3400
AddLimit,3000
AddLimit,3500
AddLimit,3100
AddLimit,3300
AddLimit,3000
AddLimit,3500
AddLimit,3200
AddLimit,3200
AddLimit,3100
AddLimit,3400
AddLimit,3600
AddLimit,3000
AddLimit,3600
AddLimit,3900
AddLimit,3200
AddLimit,3400
AddLimit,3100
AddLimit,2800
AddLimit,3100
AddLimit,3000
AddLimit,3200
AddLimit,2900
AddLimit,3300
AddLimit,2900
AddLimit,3200
AddLimit,3100
AddLimit,3300
AddLimit,2900
AddLimit,3500
AddLimit,3500
AddLimit,3700
AddLimit,3300
AddLimit,3100
AddLimit,3100
AddLimit,3200
AddLimit,8700
AddLimit,3100
AddLimit,3500
AddLimit,3300
AddLimit,3200
AddLimit,2900
AddLimit,3100
AddLimit,3100
AddLimit,2700
AddLimit,2700
AddLimit,2400
AddLimit,2200
AddLimit,2200
AddLimit,2100
AddLimit,2100
AddLimit,1800
AddLimit,2500
AddLimit,2000
AddLimit,2200
AddLimit,2100
AddLimit,1900
AddLimit,2100
AddLimit,2100
AddLimit,2100
AddLimit,2200
AddLimit,2100
AddLimit,2300
AddLimit,2000
AddLimit,2000
AddLimit,3500
AddLimit,3600
AddLimit,3200
AddLimit,43200
AddLimit,6600
AddLimit,3800
AddLimit,3500
AddLimit,10500
AddLimit,4400
AddLimit,7000
AddLimit,6100
AddLimit,3200
AddLimit,3300
AddLimit,4000
AddLimit,4100
AddLimit,4600
AddLimit,5600
AddLimit,4400
AddLimit,4000
AddLimit,3400
AddLimit,6400
AddLimit,3900
AddLimit,7200
AddLimit,3900
AddLimit,3700
AddLimit,3500
AddLimit,4400
AddLimit,3100
AddLimit,3700
AddLimit,3000
AddLimit,3500
AddLimit,3100
AddLimit,3300
AddLimit,3300
AddLimit,4000
AddLimit,3600
AddLimit,4300
AddLimit,3600
AddLimit,4600
AddLimit,3700
AddLimit,3800
AddLimit,3300
AddLimit,2300
AddLimit,2200
AddLimit,2000
AddLimit,2500
AddLimit,2800
AddLimit,2200
AddLimit,2100
AddLimit,2400
AddLimit,2500
AddLimit,1800
AddLimit,3000
AddLimit,6900
AddLimit,3600
AddLimit,3800
AddLimit,3200
AddLimit,21700
AddLimit,3800
AddLimit,4000
AddLimit,2900
AddLimit,9200
AddLimit,4200
AddLimit,4400
AddLimit,3800
AddLimit,3500
AddLimit,5200
AddLimit,3500
AddLimit,3400
AddLimit,4100
AddLimit,4600
AddLimit,3400
AddLimit,3400
AddLimit,3100
AddLimit,3500
AddLimit,4000
AddLimit,3800
AddLimit,3900
AddLimit,2900
AddLimit,3100
AddLimit,3600
AddLimit,3300
AddLimit,4300
AddLimit,3600
AddLimit,3300
AddLimit,3100
AddLimit,3000
AddLimit,3500
AddLimit,3700
AddLimit,3000
AddLimit,34600
AddLimit,3700
AddLimit,2300
AddLimit,2300
AddLimit,2800
AddLimit,3400
AddLimit,3500
AddLimit,3100
AddLimit,13400
AddLimit,2900
AddLimit,3300
AddLimit,3900
AddLimit,3200
AddLimit,3500
AddLimit,3000
AddLimit,3400
AddLimit,3000
AddLimit,3000
AddLimit,3200
AddLimit,3900
AddLimit,3600
AddLimit,3500
AddLimit,3500
AddLimit,3300
AddLimit,3700
AddLimit,3100
AddLimit,4200
AddLimit,3200
AddLimit,3700
AddLimit,3700
AddLimit,3400
AddLimit,3400
AddLimit,3100
AddLimit,3300
AddLimit,2800
AddLimit,3100
AddLimit,3100
AddLimit,3100
AddLimit,3000
AddLimit,3400
AddLimit,3300
AddLimit,3400
AddLimit,3600
AddLimit,4200
AddLimit,3600
AddLimit,3900
AddLimit,3200
AddLimit,2800
AddLimit,3300
AddLimit,3600
AddLimit,3100
AddLimit,3500
AddLimit,11400
AddLimit,3000
AddLimit,3200
AddLimit,4100
AddLimit,3100
AddLimit,8200
AddLimit,6600
AddLimit,5600
AddLimit,2700
AddLimit,2800
AddLimit,2700
AddLimit,3200
AddLimit,3300
AddLimit,3000
AddLimit,3100
AddLimit,39600
AddLimit,6400
AddLimit,3800
AddLimit,3200
AddLimit,2800
AddLimit,3600
AddLimit,3200
AddLimit,3300
AddLimit,3800
AddLimit,3200
AddLimit,2700
AddLimit,3300
AddLimit,3500
AddLimit,3700
AddLimit,3500
AddLimit,3700
AddLimit,3500
AddLimit,4000
AddLimit,4000
AddLimit,4200
AddLimit,3200
AddLimit,3700
AddLimit,3500
AddLimit,3900
AddLimit,3800
AddLimit,3200
AddLimit,5800
AddLimit,3300
AddLimit,2700
AddLimit,6300
AddLimit,2700
AddLimit,4100
AddLimit,3300
AddLimit,3800
AddLimit,3500
AddLimit,3700
AddLimit,4800
AddLimit,3500
AddLimit,4000
AddLimit,4600
AddLimit,4500
AddLimit,7900
AddLimit,4300
AddLimit,3900
AddLimit,4400
AddLimit,4500
AddLimit,5300
AddLimit,4100
AddLimit,4800
AddLimit,4600
AddLimit,2400
AddLimit,3000
AddLimit,2800
AddLimit,6400
AddLimit,3400
AddLimit,4100
AddLimit,4600
AddLimit,3900
AddLimit,4000
AddLimit,3700
AddLimit,4800
AddLimit,3200
AddLimit,5000
AddLimit,5600
AddLimit,4500
AddLimit,4700
AddLimit,2900
AddLimit,3400
AddLimit,3100
AddLimit,2900
AddLimit,11700
AddLimit,3500
AddLimit,5000
AddLimit,3500
AddLimit,3300
AddLimit,3500
AddLimit,4700
AddLimit,3800
AddLimit,3300
AddLimit,4500
AddLimit,34300
AddLimit,4100
AddLimit,3800
AddLimit,4200
AddLimit,3800
AddLimit,3400
AddLimit,4300
AddLimit,3100
AddLimit,4800
AddLimit,3900
AddLimit,5200
AddLimit,3900
AddLimit,4800
AddLimit,4900
AddLimit,4600
AddLimit,4600
AddLimit,3400
AddLimit,3500
AddLimit,4900
AddLimit,4100
AddLimit,4400
AddLimit,4000
AddLimit,4000
AddLimit,3500
AddLimit,4100
AddLimit,4100
AddLimit,3600
AddLimit,3400
AddLimit,2800
AddLimit,4700
AddLimit,3100
AddLimit,3600
AddLimit,3200
AddLimit,3700
AddLimit,3000
AddLimit,3300
AddLimit,3600
AddLimit,3900
AddLimit,3500
AddLimit,3800
AddLimit,3500
AddLimit,4000
AddLimit,4100
AddLimit,3600
AddLimit,3300
AddLimit,3200
AddLimit,3600
AddLimit,3200
AddLimit,3500
AddLimit,3900
AddLimit,3500
AddLimit,3700
AddLimit,3100
AddLimit,3600
AddLimit,3500
AddLimit,3400
AddLimit,3300
AddLimit,3500
AddLimit,3200
AddLimit,3200
AddLimit,3400
AddLimit,3200
AddLimit,3100
AddLimit,3000
AddLimit,3200
AddLimit,3300
AddLimit,3100
AddLimit,3200
AddLimit,3200
AddLimit,3200
AddLimit,3200
AddLimit,3200
AddLimit,3200
AddLimit,3300
AddLimit,3300
AddLimit,3600
AddLimit,12100
AddLimit,3200
AddLimit,35200
AddLimit,3400
AddLimit,3600
AddLimit,3200
AddLimit,3100
AddLimit,3000
AddLimit,3000
AddLimit,3100
AddLimit,3200
AddLimit,4600
AddLimit,3400
AddLimit,3900
AddLimit,3500
AddLimit,3400
AddLimit,3500
AddLimit,3100
AddLimit,3200
AddLimit,3400
AddLimit,3400
AddLimit,3400
AddLimit,3400
AddLimit,3600
AddLimit,3100
AddLimit,3600
AddLimit,3100
AddLimit,3200
AddLimit,3600
AddLimit,3600
AddLimit,3600
AddLimit,3700
AddLimit,3900
AddLimit,3300
AddLimit,3400
AddLimit,3700
AddLimit,3300
AddLimit,3400
AddLimit,3100
AddLimit,3600
AddLimit,3600
AddLimit,3400
AddLimit,3200
AddLimit,3200
AddLimit,4000
AddLimit,3800
AddLimit,3400
AddLimit,3600
AddLimit,3200
AddLimit,3300
AddLimit,3600
AddLimit,3200
AddLimit,3200
AddLimit,3400
AddLimit,3300
AddLimit,3100
AddLimit,3300
AddLimit,3400
AddLimit,3300
AddLimit,2900
AddLimit,17800
AddLimit,3500
AddLimit,4200
AddLimit,3800
AddLimit,3500
AddLimit,3200
AddLimit,3300
AddLimit,3100
AddLimit,4400
AddLimit,3400
AddLimit,3200
AddLimit,3300
AddLimit,3000
AddLimit,2900
AddLimit,3000
AddLimit,3600
AddLimit,4200
AddLimit,3900
AddLimit,4100
AddLimit,3900
AddLimit,4200
AddLimit,4000
AddLimit,3000
AddLimit,4200
AddLimit,3600
AddLimit,8300
AddLimit,4300
AddLimit,3500
AddLimit,3300
AddLimit,3400
AddLimit,4600
AddLimit,4000
AddLimit,3300
AddLimit,3500
AddLimit,4600
AddLimit,3000
AddLimit,3500
AddLimit,3300
AddLimit,3700
AddLimit,3200
AddLimit,3600
AddLimit,3400
AddLimit,3700
AddLimit,3400
AddLimit,3200
AddLimit,3300
AddLimit,3200
AddLimit,3000
AddLimit,3400
AddLimit,3100
AddLimit,3000
AddLimit,3200
AddLimit,3100
AddLimit,2800
AddLimit,3000
AddLimit,3100
AddLimit,3200
AddLimit,2800
AddLimit,117300
AddLimit,8600
AddLimit,3500
AddLimit,10200
AddLimit,5400
AddLimit,3000
AddLimit,4100
AddLimit,52500
AddLimit,8800
AddLimit,210400
AddLimit,9200
AddLimit,4100
AddLimit,3400
AddLimit,3600
AddLimit,3800
AddLimit,3400
AddLimit,3100
AddLimit,3200
AddLimit,3400
AddLimit,3400
AddLimit,3000
AddLimit,3800
AddLimit,3400
AddLimit,3000
AddLimit,3400
AddLimit,3300
AddLimit,3200
AddLimit,3600
AddLimit,2800
AddLimit,2900
AddLimit,3600
AddLimit,3600
AddLimit,3800
AddLimit,3300
AddLimit,3300
AddLimit,3200
AddLimit,3600
AddLimit,3200
AddLimit,4300
AddLimit,3400
AddLimit,3700
AddLimit,3300
AddLimit,3500
AddLimit,3600
AddLimit,3500
AddLimit,54300
AddLimit,8500
AddLimit,3600
AddLimit,3800
AddLimit,3000
AddLimit,3600
AddLimit,2900
AddLimit,16500
AddLimit,4200
AddLimit,3300
AddLimit,3700
AddLimit,6500
AddLimit,4100
AddLimit,3300
AddLimit,4000
AddLimit,3500
AddLimit,2900
AddLimit,4800
AddLimit,3100
AddLimit,4000
AddLimit,3400
AddLimit,3400
AddLimit,4500
AddLimit,2800
AddLimit,3700
AddLimit,3300
AddLimit,4700
AddLimit,4000
AddLimit,3000
AddLimit,3400
AddLimit,3900
AddLimit,3700
AddLimit,3700
AddLimit,3500
AddLimit,4000
AddLimit,2800
AddLimit,2800
AddLimit,4900
AddLimit,3000
AddLimit,4400
AddLimit,2800
AddLimit,3400
AddLimit,4800
AddLimit,9600
AddLimit,4200
AddLimit,3100
AddLimit,3200
AddLimit,3600
AddLimit,3800
AddLimit,3400
AddLimit,3200
AddLimit,3200
AddLimit,4000
AddLimit,4400
AddLimit,3400
AddLimit,3400
AddLimit,3100
AddLimit,3500
AddLimit,3300
AddLimit,3500
AddLimit,3400
AddLimit,2800
AddLimit,3000
AddLimit,3800
AddLimit,3300
AddLimit,3200
AddLimit,3500
AddLimit,5100
AddLimit,3300
AddLimit,3400
AddLimit,3300
AddLimit,4000
AddLimit,3300
AddLimit,3800
AddLimit,3200
AddLimit,3700
AddLimit,3600
AddLimit,4900
AddLimit,3700
AddLimit,3600
AddLimit,3900
AddLimit,4100
AddLimit,3500
AddLimit,3600
AddLimit,3500
AddLimit,7900
AddLimit,4400
AddLimit,3500
AddLimit,3700
AddLimit,3700
AddLimit,3700
AddLimit,3400
AddLimit,3300
AddLimit,9000
AddLimit,3300
AddLimit,3300
AddLimit,3300
AddLimit,3400
AddLimit,2900
AddLimit,3100
AddLimit,3900
AddLimit,7400
AddLimit,4300
AddLimit,3600
AddLimit,3800
AddLimit,3600
AddLimit,4000
AddLimit,3700
AddLimit,3400
AddLimit,2700
AddLimit,3000
AddLimit,3200
AddLimit,3400
AddLimit,3800
AddLimit,2700
AddLimit,3200
AddLimit,2900
AddLimit,3400
AddLimit,3500
AddLimit,2900
AddLimit,3400
AddLimit,3600
AddLimit,4100
AddLimit,3400
AddLimit,3000
AddLimit,2900
AddLimit,3000
AddLimit,2900
AddLimit,3100
AddLimit,3600
AddLimit,3500
AddLimit,3100
AddLimit,2900
AddLimit,3100
AddLimit,2800
AddLimit,3400
AddLimit,7500
AddLimit,3500
AddLimit,3500
AddLimit,8100
AddLimit,3700
AddLimit,3400
AddLimit,3100
AddLimit,3000
AddLimit,3400
AddLimit,2900
AddLimit,3000
AddLimit,3300
AddLimit,3100
AddLimit,2900
AddLimit,3300
AddLimit,3300
AddLimit,3100
AddLimit,3300
AddLimit,3400
AddLimit,3300
AddLimit,3500
AddLimit,4100
AddLimit,3200
AddLimit,3500
AddLimit,2900
AddLimit,3500
AddLimit,3000
AddLimit,3500
AddLimit,3200
AddLimit,2900
AddLimit,3000
AddLimit,3000
AddLimit,3000
AddLimit,3100
AddLimit,2800
AddLimit,3100
AddLimit,2900
AddLimit,2900
AddLimit,3000
AddLimit,3300
AddLimit,2900
AddLimit,3700
AddLimit,7400
AddLimit,3100
AddLimit,3400
AddLimit,3700
AddLimit,3200
AddLimit,4000
AddLimit,2900
AddLimit,2900
AddLimit,2900
AddLimit,3100
AddLimit,3100
AddLimit,3500
AddLimit,3600
AddLimit,3400
AddLimit,3400
AddLimit,30100
AddLimit,3700
AddLimit,3600
AddLimit,3000
AddLimit,3500
AddLimit,3100
AddLimit,3300
AddLimit,3200
AddLimit,3600
AddLimit,3500
AddLimit,3100
AddLimit,9200
AddLimit,6900
AddLimit,4100
AddLimit,6000
AddLimit,4000
AddLimit,3600
AddLimit,3200
AddLimit,3800
AddLimit,3400
AddLimit,3300
AddLimit,4100
AddLimit,3500
AddLimit,3400
AddLimit,3600
AddLimit,3200
AddLimit,3300
AddLimit,6000
AddLimit,3700
AddLimit,3700
AddLimit,3700
AddLimit,4000
AddLimit,3500
AddLimit,3000
AddLimit,3800
AddLimit,6400
AddLimit,3900
AddLimit,3700
AddLimit,3400
AddLimit,3800
AddLimit,3600
AddLimit,3800
AddLimit,6200
AddLimit,3700
AddLimit,3600
AddLimit,7300
AddLimit,22500
AddLimit,5600
AddLimit,3800
AddLimit,3800
AddLimit,3000
AddLimit,3200
AddLimit,3300
AddLimit,3000
AddLimit,3500
AddLimit,3300
AddLimit,3200
AddLimit,3200
AddLimit,3300
AddLimit,3300
AddLimit,3100
AddLimit,3700
AddLimit,3200
AddLimit,33300
AddLimit,8300
AddLimit,4200
AddLimit,3900
AddLimit,3500
AddLimit,3300
AddLimit,3000
AddLimit,7900
AddLimit,30100
AddLimit,3700
AddLimit,2900
AddLimit,2700
AddLimit,3100
AddLimit,3000
AddLimit,3000
AddLimit,3300
AddLimit,4800
AddLimit,3700
AddLimit,3200
AddLimit,3000
AddLimit,3700
AddLimit,2900
AddLimit,3200
AddLimit,3200
AddLimit,3500
AddLimit,3700
AddLimit,3400
AddLimit,3200
AddLimit,3100
AddLimit,3000
AddLimit,2900
AddLimit,3600
AddLimit,2900
AddLimit,3100
AddLimit,3100
AddLimit,3200
AddLimit,3700
AddLimit,2900
AddLimit,2700
AddLimit,3000
AddLimit,2800
AddLimit,2900
AddLimit,3000
AddLimit,3200
AddLimit,3000
AddLimit,3000
AddLimit,3500
AddLimit,3200
AddLimit,3200
AddLimit,3200
AddLimit,3400
AddLimit,3200
AddLimit,6100
AddLimit,3600
AddLimit,3500
AddLimit,5000
AddLimit,2900
AddLimit,3200
AddLimit,3200
AddLimit,3700
AddLimit,2900
AddLimit,3300
AddLimit,3800
AddLimit,2800
AddLimit,3000
AddLimit,2800
AddLimit,2800
AddLimit,2800
AddLimit,3100
AddLimit,3000
AddLimit,2900
AddLimit,3000
AddLimit,3200
AddLimit,3400
AddLimit,2600
AddLimit,2800
AddLimit,2700
AddLimit,3000
AddLimit,2300
AddLimit,2700
AddLimit,2700
AddLimit,2800
AddLimit,3200
AddLimit,2600
AddLimit,3100
AddLimit,2500
AddLimit,2400
AddLimit,3000
AddLimit,2500
AddLimit,3000
AddLimit,26300
AddLimit,7200
AddLimit,3600
AddLimit,8700
AddLimit,3900
AddLimit,3100
AddLimit,3400
AddLimit,3500
AddLimit,3000
AddLimit,3400
AddLimit,3100
AddLimit,3100
AddLimit,3100
AddLimit,6900
AddLimit,3400
AddLimit,3100
AddLimit,3500
AddLimit,3300
AddLimit,3100
AddLimit,3400
AddLimit,3000
AddLimit,3300
AddLimit,3300
AddLimit,3300
AddLimit,3400
AddLimit,3600
AddLimit,3300
AddLimit,3400
AddLimit,3100
AddLimit,3100
AddLimit,3100
AddLimit,3300
AddLimit,2800
AddLimit,2600
AddLimit,2600
AddLimit,2800
AddLimit,2800
AddLimit,3000
AddLimit,3000
AddLimit,3400
AddLimit,3600
AddLimit,3200
AddLimit,3000
AddLimit,100100
AddLimit,6600
AddLimit,4400
AddLimit,4600
AddLimit,7400
AddLimit,5000
AddLimit,4500
AddLimit,4000
AddLimit,3200
AddLimit,3800
AddLimit,4300
AddLimit,3300
AddLimit,4000
AddLimit,3300
AddLimit,3600
AddLimit,3800
AddLimit,3700
AddLimit,3400
AddLimit,3300
AddLimit,3600
AddLimit,3900
AddLimit,3400
AddLimit,4200
AddLimit,4000
AddLimit,3800
AddLimit,3600
AddLimit,3600
AddLimit,3700
AddLimit,3800
AddLimit,3800
AddLimit,3800
AddLimit,4100
AddLimit,3800
AddLimit,4200
AddLimit,4100
AddLimit,3400
AddLimit,4100
AddLimit,3700
AddLimit,3300
AddLimit,3100
AddLimit,4800
AddLimit,3500
AddLimit,3100
AddLimit,3100
AddLimit,3900
AddLimit,10100
AddLimit,4100
AddLimit,4200
AddLimit,5400
AddLimit,4100
AddLimit,4000
AddLimit,3000
AddLimit,3600
AddLimit,3600
AddLimit,3700
AddLimit,4000
AddLimit,4200
AddLimit,4200
AddLimit,3700
AddLimit,3400
AddLimit,4000
AddLimit,4900
AddLimit,4500
AddLimit,3400
AddLimit,3700
AddLimit,3700
AddLimit,3400
AddLimit,4400
AddLimit,4400
AddLimit,3800
AddLimit,3500
AddLimit,3200
AddLimit,4100
AddLimit,3900
AddLimit,3700
AddLimit,2600
AddLimit,2300
AddLimit,3800
AddLimit,4100
AddLimit,3900
AddLimit,3500
AddLimit,4100
AddLimit,3200
AddLimit,3400
AddLimit,3500
AddLimit,3200
AddLimit,3400
AddLimit,3800
AddLimit,3400
AddLimit,3800
AddLimit,3800
AddLimit,4200
AddLimit,4000
AddLimit,3500
AddLimit,3600
AddLimit,3500
AddLimit,3200
AddLimit,3700
AddLimit,4000
AddLimit,2500
AddLimit,2100
AddLimit,2400
AddLimit,2200
AddLimit,2300
AddLimit,2400
AddLimit,2200
AddLimit,2300
AddLimit,2000
AddLimit,2100
AddLimit,2400
AddLimit,2100
AddLimit,1900
AddLimit,2000
AddLimit,2300
AddLimit,2200
AddLimit,2100
AddLimit,2000
AddLimit,2000
AddLimit,2300
AddLimit,3600
AddLimit,3300
AddLimit,3100
AddLimit,3200
AddLimit,3200
AddLimit,3500
AddLimit,3100
AddLimit,3400
AddLimit,3300
AddLimit,4100
AddLimit,4100
AddLimit,15900
AddLimit,3900
AddLimit,4100
AddLimit,3800
AddLimit,42700
AddLimit,3500
AddLimit,3600
AddLimit,7000
AddLimit,3900
AddLimit,3900
AddLimit,3700
AddLimit,3400
AddLimit,3600
AddLimit,3500
AddLimit,3400
AddLimit,3700
AddLimit,3100
AddLimit,5000
AddLimit,3900
AddLimit,3800
AddLimit,3700
AddLimit,3700
AddLimit,3800
AddLimit,3900
AddLimit,3600
AddLimit,3200
AddLimit,3600
AddLimit,3600
AddLimit,3600
AddLimit,3400
AddLimit,3500
AddLimit,3800
AddLimit,3700
AddLimit,3500
AddLimit,3400
AddLimit,3400
AddLimit,3700
AddLimit,3500
AddLimit,3400
AddLimit,3400
AddLimit,3600
AddLimit,37100
AddLimit,3500
AddLimit,3700
AddLimit,3200
AddLimit,3200
AddLimit,3300
AddLimit,3200
AddLimit,3300
AddLimit,3300
AddLimit,3600
AddLimit,2900
AddLimit,3600
AddLimit,3100
AddLimit,3400
AddLimit,3500
AddLimit,3000
AddLimit,2900
AddLimit,3000
AddLimit,3000
AddLimit,4400
AddLimit,3100
AddLimit,3000
AddLimit,3200
AddLimit,3300
AddLimit,3200
AddLimit,3600
AddLimit,3600
AddLimit,3500
AddLimit,3700
AddLimit,3500
AddLimit,3400
AddLimit,3000
AddLimit,3200
AddLimit,3600
AddLimit,4500
AddLimit,3100
AddLimit,3200
AddLimit,3300
AddLimit,2900
AddLimit,7000
AddLimit,3600
AddLimit,4500
AddLimit,3500
AddLimit,3200
AddLimit,3400
AddLimit,13000
AddLimit,4500
AddLimit,3400
AddLimit,3000
AddLimit,3700
AddLimit,3100
AddLimit,3800
AddLimit,2900
AddLimit,3400
AddLimit,3300
AddLimit,3500
AddLimit,3400
AddLimit,14600
AddLimit,6000
AddLimit,4600
AddLimit,4000
AddLimit,3900
AddLimit,7400
AddLimit,7100
AddLimit,3500
AddLimit,3200
AddLimit,3400
AddLimit,3000
AddLimit,3100
AddLimit,3000
AddLimit,3000
AddLimit,3100
AddLimit,3200
AddLimit,3200
AddLimit,2900
AddLimit,3100
AddLimit,3000
AddLimit,2800
AddLimit,3300
AddLimit,3200
AddLimit,2800
AddLimit,3100
AddLimit,3200
AddLimit,2600
AddLimit,2800
AddLimit,2900
AddLimit,3300
AddLimit,2700
AddLimit,2500
AddLimit,2700
AddLimit,2900
AddLimit,2900
AddLimit,2900
AddLimit,3000
AddLimit,2900
AddLimit,2700
AddLimit,3100
AddLimit,3000
AddLimit,2900
AddLimit,2700
AddLimit,2500
AddLimit,3000
AddLimit,2900
AddLimit,2900
AddLimit,2700
AddLimit,3200
AddLimit,3500
AddLimit,2700
AddLimit,2900
AddLimit,3000
AddLimit,2900
AddLimit,3300
AddLimit,4000
AddLimit,3200
AddLimit,3200
AddLimit,104700
AddLimit,4700
AddLimit,3000
AddLimit,2900
AddLimit,3000
AddLimit,3100
AddLimit,3200
AddLimit,7800
AddLimit,3600
AddLimit,3200
AddLimit,3100
AddLimit,3200
AddLimit,3100
AddLimit,3000
AddLimit,3200
AddLimit,9100
AddLimit,3600
AddLimit,2900
AddLimit,2900
AddLimit,2800
AddLimit,3000
AddLimit,2900
AddLimit,2900
AddLimit,3100
AddLimit,2900
AddLimit,2800
AddLimit,3000
AddLimit,3000
AddLimit,2900
AddLimit,2900
AddLimit,3100
AddLimit,2600
AddLimit,2800
AddLimit,2600
AddLimit,2900
AddLimit,2900
AddLimit,3000
AddLimit,3100
AddLimit,2800
AddLimit,2700
AddLimit,3000
AddLimit,2400
AddLimit,3000
AddLimit,2900
AddLimit,2700
AddLimit,3200
AddLimit,3100
AddLimit,2900
AddLimit,2900
AddLimit,2600
AddLimit,3100
AddLimit,2500
AddLimit,3100
AddLimit,2900
AddLimit,2800
AddLimit,3200
AddLimit,2800
AddLimit,2900
AddLimit,2800
AddLimit,2800
AddLimit,2700
AddLimit,2900
AddLimit,3100
AddLimit,2800
AddLimit,2700
AddLimit,2700
AddLimit,2400
AddLimit,2900
AddLimit,2700
AddLimit,2600
AddLimit,2900
AddLimit,2600
AddLimit,2900
AddLimit,2400
AddLimit,2800
AddLimit,2800
AddLimit,2600
AddLimit,2600
AddLimit,2900
AddLimit,2800
AddLimit,2600
AddLimit,2800
AddLimit,2500
AddLimit,3100
AddLimit,2900
AddLimit,2600
AddLimit,2500
AddLimit,2800
AddLimit,3000
AddLimit,3500
AddLimit,2500
AddLimit,2700
AddLimit,2600
AddLimit,2500
AddLimit,2600
AddLimit,2800
AddLimit,12500
AddLimit,4400
AddLimit,5100
AddLimit,6400
AddLimit,8800
AddLimit,3400
AddLimit,3300
AddLimit,2800
AddLimit,3400
AddLimit,3300
AddLimit,80000
AddLimit,10700
AddLimit,3700
AddLimit,3600
AddLimit,3300
AddLimit,4600
AddLimit,3100
AddLimit,3200
AddLimit,3600
AddLimit,3700
AddLimit,3700
AddLimit,3400
AddLimit,3900
AddLimit,4100
AddLimit,3700
AddLimit,4000
AddLimit,3800
AddLimit,4500
AddLimit,3400
AddLimit,3600
AddLimit,3900
AddLimit,3700
AddLimit,4000
AddLimit,3900
AddLimit,4100
AddLimit,4000
AddLimit,4300
AddLimit,4900
AddLimit,3900
AddLimit,3100
AddLimit,4200
AddLimit,4600
AddLimit,3900
AddLimit,3400
AddLimit,3900
AddLimit,4600
AddLimit,3100
AddLimit,3300
AddLimit,3300
AddLimit,3200
AddLimit,3100
AddLimit,2600
AddLimit,2700
AddLimit,2800
AddLimit,2700
AddLimit,3000
AddLimit,3300
AddLimit,2900
AddLimit,2900
AddLimit,3000
AddLimit,2800
AddLimit,3100
AddLimit,3300
AddLimit,2900
AddLimit,3200
AddLimit,2900
AddLimit,2900
AddLimit,3200
AddLimit,2700
AddLimit,3300
AddLimit,3700
AddLimit,3100
AddLimit,3000
AddLimit,3000
AddLimit,2700
AddLimit,2800
AddLimit,3500
AddLimit,4700
AddLimit,4200
AddLimit,3300
AddLimit,3400
AddLimit,3300
AddLimit,67800
AddLimit,3200
AddLimit,3600
AddLimit,3200
AddLimit,3700
AddLimit,2900
AddLimit,3000
AddLimit,2900
AddLimit,9400
AddLimit,3400
AddLimit,3400
AddLimit,3100
AddLimit,3100
AddLimit,3000
AddLimit,3300
AddLimit,2900
AddLimit,3400
AddLimit,3800
AddLimit,3100
AddLimit,3200
AddLimit,3400
AddLimit,3400
AddLimit,3500
AddLimit,3300
AddLimit,3200
AddLimit,3000
AddLimit,2700
AddLimit,2700
AddLimit,3400
AddLimit,3200
AddLimit,3200
AddLimit,3100
AddLimit,3100
AddLimit,2900
AddLimit,3100
AddLimit,3200
AddLimit,3100
AddLimit,3200
AddLimit,2800
AddLimit,2900
AddLimit,3000
AddLimit,3100
AddLimit,2900
AddLimit,3100
AddLimit,3000
AddLimit,3300
AddLimit,2900
AddLimit,3500
AddLimit,4300
AddLimit,3000
AddLimit,3300
AddLimit,3100
AddLimit,3200
AddLimit,3000
AddLimit,3300
AddLimit,3100
AddLimit,3200
AddLimit,3200
AddLimit,3400
AddLimit,3100
AddLimit,3500
AddLimit,3900
AddLimit,3200
AddLimit,3500
AddLimit,3400
AddLimit,3200
AddLimit,3600
AddLimit,3500
AddLimit,3500
AddLimit,3400
AddLimit,3300
AddLimit,3300
AddLimit,3100
AddLimit,3100
AddLimit,3100
AddLimit,3300
AddLimit,3500
AddLimit,3900
AddLimit,3600
AddLimit,3300
AddLimit,3700
AddLimit,3100
AddLimit,3600
AddLimit,3000
AddLimit,3500
AddLimit,3300
AddLimit,3600
AddLimit,3100
AddLimit,3300
AddLimit,3200
AddLimit,3200
AddLimit,3300
AddLimit,3300
AddLimit,8100
AddLimit,3400
AddLimit,3100
AddLimit,3400
AddLimit,3200
AddLimit,3400
AddLimit,3200
AddLimit,3600
AddLimit,3200
AddLimit,3200
AddLimit,3000
AddLimit,3400
AddLimit,3100
AddLimit,3400
AddLimit,3700
AddLimit,3400
AddLimit,3400
AddLimit,3500
AddLimit,3500
AddLimit,3700
AddLimit,3000
AddLimit,3500
AddLimit,3600
AddLimit,3000
AddLimit,3300
AddLimit,3100
AddLimit,3000
AddLimit,3200
AddLimit,3200
AddLimit,3000
AddLimit,3200
AddLimit,3100
AddLimit,3200
AddLimit,3500
AddLimit,3200
AddLimit,3200
AddLimit,3200
AddLimit,3300
AddLimit,3500
AddLimit,3500
AddLimit,3300
AddLimit,3200
AddLimit,3400
AddLimit,3200
AddLimit,3400
AddLimit,3200
AddLimit,3200
AddLimit,3000
AddLimit,3000
AddLimit,3100
AddLimit,3400
AddLimit,3100
AddLimit,3300
AddLimit,3100
AddLimit,3100
AddLimit,3300
AddLimit,3200
AddLimit,3200
AddLimit,2900
AddLimit,3000
AddLimit,3200
AddLimit,3100
AddLimit,2900
AddLimit,3200
AddLimit,3300
AddLimit,2900
AddLimit,3000
AddLimit,3200
AddLimit,3600
AddLimit,3400
AddLimit,3100
AddLimit,3900
AddLimit,3700
AddLimit,3000
AddLimit,3800
AddLimit,3300
AddLimit,3300
AddLimit,3800
AddLimit,2900
AddLimit,3600
AddLimit,3000
AddLimit,3000
AddLimit,3100
AddLimit,3100
AddLimit,3000
AddLimit,7400
AddLimit,3200
AddLimit,3800
AddLimit,3100
AddLimit,3000
AddLimit,3000
AddLimit,19000
AddLimit,3700
AddLimit,4100
AddLimit,3700
AddLimit,3200
AddLimit,3300
AddLimit,2800
AddLimit,4900
AddLimit,3400
AddLimit,3400
AddLimit,4100
AddLimit,3700
AddLimit,3900
AddLimit,3500
AddLimit,4100
AddLimit,4200
AddLimit,3000
AddLimit,3900
AddLimit,3300
AddLimit,3700
AddLimit,3800
AddLimit,3500
AddLimit,3600
AddLimit,3200
AddLimit,3400
AddLimit,5200
AddLimit,3700
AddLimit,3500
AddLimit,4000
AddLimit,3900
AddLimit,4000
AddLimit,4000
AddLimit,3800
AddLimit,3900
AddLimit,3700
AddLimit,3700
AddLimit,4300
AddLimit,3700
AddLimit,3300
AddLimit,3600
AddLimit,4800
AddLimit,4100
AddLimit,3300
AddLimit,6000
AddLimit,4200
AddLimit,3700
AddLimit,3600
AddLimit,3500
AddLimit,4100
AddLimit,3700
AddLimit,5400
AddLimit,3900
AddLimit,3100
AddLimit,3300
AddLimit,4100
AddLimit,3900
AddLimit,3800
AddLimit,4000
AddLimit,4000
AddLimit,3400
AddLimit,3800
AddLimit,3700
AddLimit,3800
AddLimit,3900
AddLimit,3700
AddLimit,3800
AddLimit,4000
AddLimit,4000
AddLimit,3500
AddLimit,3700
AddLimit,3900
AddLimit,3600
AddLimit,3500
AddLimit,3800
AddLimit,4100
AddLimit,4400
AddLimit,4400
AddLimit,3800
AddLimit,3900
AddLimit,3700
AddLimit,9500
AddLimit,4400
AddLimit,3600
AddLimit,3400
AddLimit,3400
AddLimit,3900
AddLimit,3800
AddLimit,3800
AddLimit,4100
AddLimit,4100
AddLimit,4000
AddLimit,3900
AddLimit,3900
AddLimit,4100
AddLimit,4100
AddLimit,3800
AddLimit,3700
AddLimit,3900
AddLimit,4400
AddLimit,3300
AddLimit,3600
AddLimit,3900
AddLimit,3700
AddLimit,3800
AddLimit,4000
AddLimit,4200
AddLimit,3800
AddLimit,3900
AddLimit,3200
AddLimit,3900
AddLimit,3900
AddLimit,3200
AddLimit,3600
AddLimit,4200
AddLimit,3900
AddLimit,4000
AddLimit,4100
AddLimit,3900
AddLimit,3900
AddLimit,4500
AddLimit,3500
AddLimit,3100
AddLimit,3700
AddLimit,4200
AddLimit,3200
AddLimit,3700
AddLimit,4000
AddLimit,3900
AddLimit,3900
AddLimit,3500
AddLimit,4100
AddLimit,4000
AddLimit,4100
AddLimit,4000
AddLimit,3700
AddLimit,3100
AddLimit,3700
AddLimit,3900
AddLimit,4000
AddLimit,4100
AddLimit,4300
AddLimit,3800
AddLimit,3700
AddLimit,3900
AddLimit,4000
AddLimit,4000
AddLimit,4100
AddLimit,4100
AddLimit,3700
AddLimit,4300
AddLimit,3600
AddLimit,3800
AddLimit,4000
AddLimit,3400
AddLimit,3700
AddLimit,3700
AddLimit,4200
AddLimit,3900
AddLimit,4100
AddLimit,3600
AddLimit,4200
AddLimit,3500
AddLimit,3400
AddLimit,3800
AddLimit,4100
AddLimit,9400
AddLimit,4000
AddLimit,3900
AddLimit,3800
AddLimit,3800
AddLimit,5000
AddLimit,4300
AddLimit,3900
AddLimit,4100
AddLimit,4000
AddLimit,4500
AddLimit,4200
AddLimit,3000
AddLimit,3500
AddLimit,3900
AddLimit,4400
AddLimit,4100
AddLimit,4000
AddLimit,3800
AddLimit,4200
AddLimit,3700
AddLimit,3900
AddLimit,3500
AddLimit,3700
AddLimit,3900
AddLimit,3400
AddLimit,4000
AddLimit,3800
AddLimit,4600
AddLimit,6700
AddLimit,7000
AddLimit,4300
AddLimit,4500
AddLimit,3600
AddLimit,3900
AddLimit,3600
AddLimit,3600
AddLimit,3600
AddLimit,3600
AddLimit,4000
AddLimit,3900
AddLimit,3700
AddLimit,7400
AddLimit,3500
AddLimit,3700
AddLimit,3300
AddLimit,3200
AddLimit,2900
AddLimit,3100
AddLimit,3200
AddLimit,4900
AddLimit,4000
AddLimit,6700
AddLimit,4100
AddLimit,4200
AddLimit,3400
AddLimit,3800
AddLimit,7900
AddLimit,5500
AddLimit,4000
AddLimit,6300
AddLimit,3000
AddLimit,4200
AddLimit,3800
AddLimit,8200
AddLimit,5900
AddLimit,3600
AddLimit,3300
AddLimit,3500
AddLimit,4200
AddLimit,3300
AddLimit,3400
AddLimit,3000
AddLimit,3200
AddLimit,3700
AddLimit,4000
AddLimit,3200
AddLimit,3100
AddLimit,3000
AddLimit,3400
AddLimit,3600
AddLimit,5100
AddLimit,3100
AddLimit,2900
AddLimit,3100
AddLimit,9200
AddLimit,3000
AddLimit,2900
AddLimit,2800
AddLimit,2600
AddLimit,2900
AddLimit,2800
AddLimit,2500
AddLimit,3000
AddLimit,2700
AddLimit,2600
AddLimit,3000
AddLimit,2900
AddLimit,2800
AddLimit,3000
AddLimit,2900
AddLimit,3200
AddLimit,3000
AddLimit,3000
AddLimit,2700
AddLimit,3000
AddLimit,3200
AddLimit,2900
AddLimit,2700
AddLimit,2900
AddLimit,2900
AddLimit,2800
AddLimit,2700
AddLimit,2700
AddLimit,2800
AddLimit,3000
AddLimit,2800
AddLimit,2700
AddLimit,3000
AddLimit,3400
AddLimit,2700
AddLimit,2800
AddLimit,2700
AddLimit,2800
AddLimit,2800
AddLimit,2700
AddLimit,2800
AddLimit,2900
AddLimit,2600
AddLimit,2900
AddLimit,2700
AddLimit,2800
AddLimit,2800
AddLimit,2700
AddLimit,2800
AddLimit,3000
AddLimit,3000
AddLimit,2500
AddLimit,3000
AddLimit,2700
AddLimit,2800
AddLimit,2700
AddLimit,2900
AddLimit,2600
AddLimit,2600
AddLimit,2800
AddLimit,2800
AddLimit,2600
AddLimit,2600
AddLimit,3000
AddLimit,2600
AddLimit,2800
AddLimit,2700
AddLimit,3000
AddLimit,3000
AddLimit,2800
AddLimit,2600
AddLimit,2700
AddLimit,2700
AddLimit,3000
AddLimit,2600
AddLimit,2700
AddLimit,2400
AddLimit,2800
AddLimit,2700
AddLimit,2800
AddLimit,2600
AddLimit,2900
AddLimit,2700
AddLimit,2900
AddLimit,2600
AddLimit,9400
AddLimit,2800
AddLimit,3000
AddLimit,2700
AddLimit,2800
AddLimit,3100
AddLimit,2800
AddLimit,2700
AddLimit,2800
AddLimit,2800
AddLimit,2600
AddLimit,2700
AddLimit,2600
AddLimit,2700
AddLimit,2600
AddLimit,3700
AddLimit,2900
AddLimit,3600
AddLimit,3100
AddLimit,3400
AddLimit,3300
AddLimit,3000
AddLimit,2700
AddLimit,3300
AddLimit,2900
AddLimit,3000
AddLimit,3100
AddLimit,2900
AddLimit,3100
AddLimit,3300
AddLimit,3000
AddLimit,2700
AddLimit,2500
AddLimit,2800
AddLimit,2700
AddLimit,3100
AddLimit,3600
AddLimit,3400
AddLimit,3300
AddLimit,2500
AddLimit,2100
AddLimit,2300
AddLimit,2100
AddLimit,2500
AddLimit,2300
AddLimit,1900
AddLimit,1900
AddLimit,2000
AddLimit,2200
AddLimit,2000
AddLimit,2200
AddLimit,2000
AddLimit,2100
AddLimit,1900
AddLimit,1700
AddLimit,2000
AddLimit,1800
AddLimit,1900
AddLimit,2200
AddLimit,2000
AddLimit,2400
AddLimit,2100
AddLimit,1900
AddLimit,2000
AddLimit,2200
AddLimit,1900
AddLimit,1900
AddLimit,2000
AddLimit,1900
AddLimit,1900
AddLimit,2000
AddLimit,1900
AddLimit,1900
AddLimit,2000
AddLimit,1900
AddLimit,1900
AddLimit,1900
AddLimit,2200
AddLimit,1800
AddLimit,2100
AddLimit,2100
AddLimit,2200
AddLimit,2100
AddLimit,1900
AddLimit,2500
AddLimit,10100
AddLimit,3700
AddLimit,2200
AddLimit,2000
AddLimit,2000
AddLimit,2200
AddLimit,1900
AddLimit,2000
AddLimit,2000
AddLimit,2100
AddLimit,2000
AddLimit,1900
AddLimit,2100
AddLimit,2200
AddLimit,2100
AddLimit,2500
AddLimit,1900
AddLimit,1800
AddLimit,2000
AddLimit,1800
AddLimit,2100
AddLimit,2100
AddLimit,1800
AddLimit,2000
AddLimit,1900
AddLimit,1900
AddLimit,2000
AddLimit,2100
AddLimit,3200
AddLimit,2400
AddLimit,3300
AddLimit,2100
AddLimit,2200
AddLimit,2000
AddLimit,1800
AddLimit,1800
AddLimit,2000
AddLimit,2300
AddLimit,2200
AddLimit,2300
AddLimit,2100
AddLimit,2000
AddLimit,2000
AddLimit,2000
AddLimit,1900
AddLimit,2200
AddLimit,2000
AddLimit,3000
AddLimit,2700
AddLimit,2100
AddLimit,2000
AddLimit,1900
AddLimit,1900
AddLimit,2800
AddLimit,2700
AddLimit,2600
AddLimit,1900
AddLimit,2100
AddLimit,2100
AddLimit,2000
AddLimit,2000
AddLimit,1900
AddLimit,2300
AddLimit,2100
AddLimit,2200
AddLimit,2000
AddLimit,2200
AddLimit,2200
AddLimit,2000
AddLimit,2200
AddLimit,1900
AddLimit,2100
AddLimit,1900
AddLimit,2200
AddLimit,2200
AddLimit,2200
AddLimit,2000
AddLimit,1900
AddLimit,2000
AddLimit,2000
AddLimit,2000
AddLimit,2200
AddLimit,2000
AddLimit,1900
AddLimit,1900
AddLimit,6800
AddLimit,2200
AddLimit,2100
AddLimit,2400
AddLimit,2000
AddLimit,1800
AddLimit,1900
AddLimit,3000
AddLimit,2700
AddLimit,2600
AddLimit,2100
AddLimit,1900
AddLimit,2200
AddLimit,2000
AddLimit,2000
AddLimit,2000
AddLimit,2200
AddLimit,2100
AddLimit,2200
AddLimit,2200
AddLimit,2400
AddLimit,2000
AddLimit,2200
AddLimit,2100
AddLimit,2000
AddLimit,2000
AddLimit,1900
AddLimit,2100
AddLimit,2500
AddLimit,2000
AddLimit,2300
AddLimit,1900
AddLimit,2100
AddLimit,1900
AddLimit,2100
AddLimit,2100
AddLimit,2000
AddLimit,2000
AddLimit,2200
AddLimit,2200
AddLimit,1900
AddLimit,2000
AddLimit,2200
AddLimit,2300
AddLimit,2000
AddLimit,2000
AddLimit,2100
AddLimit,2000
AddLimit,1900
AddLimit,2000
AddLimit,2100
AddLimit,2200
AddLimit,1800
AddLimit,2300
AddLimit,2200
AddLimit,2100
AddLimit,2200
AddLimit,2000
AddLimit,2000
AddLimit,1900
AddLimit,1900
AddLimit,2000
AddLimit,1900
AddLimit,2500
AddLimit,2000
AddLimit,2100
AddLimit,2100
AddLimit,2000
AddLimit,1900
AddLimit,2200
AddLimit,2400
AddLimit,2200
AddLimit,2200
AddLimit,2100
AddLimit,1900
AddLimit,1900
AddLimit,1800
AddLimit,2100
AddLimit,2000
AddLimit,2100
AddLimit,2200
AddLimit,2400
AddLimit,2300
AddLimit,3000
AddLimit,2500
AddLimit,3400
AddLimit,7900
AddLimit,3000
AddLimit,2200
AddLimit,2300
AddLimit,2100
AddLimit,2600
AddLimit,1800
AddLimit,2000
AddLimit,2100
AddLimit,2300
AddLimit,1900
AddLimit,2400
AddLimit,450300
AddLimit,11100
AddLimit,4900
AddLimit,3900
AddLimit,3500
AddLimit,25900
AddLimit,4100
AddLimit,3700
AddLimit,3600
AddLimit,3000
AddLimit,3300
AddLimit,3100
AddLimit,3400
AddLimit,3200
AddLimit,2600
AddLimit,3200
AddLimit,2800
AddLimit,3100
AddLimit,3000
AddLimit,3200
AddLimit,3800
AddLimit,3300
AddLimit,3300
AddLimit,3200
AddStop,9100
AddStop,3800
AddStop,3300
AddStop,7500
AddStop,3600
AddStopLimit,3600
AddStopLimit,3800
AddStopLimit,3400
AddStop,3600
AddStop,3600
AddStop,3200
AddStopLimit,3500
AddStopLimit,4300
AddStopLimit,3400
AddStop,8200
AddStop,4300
AddStopLimit,3400
AddStop,3900
AddStop,10900
AddStopLimit,6000
AddStop,4500
AddStopLimit,5200
AddStop,4000
AddStopLimit,4600
AddStop,3700
AddStopLimit,4500
AddStop,4000
AddStop,6600
AddStop,3600
AddStop,4000
AddStopLimit,4600
AddStopLimit,11100
AddStop,4400
AddStopLimit,3700
AddStopLimit,3800
AddStop,3600
AddStop,3700
AddStopLimit,3700
AddStopLimit,3600
AddStop,3100
AddStopLimit,3600
AddStop,3200
AddStop,3900
AddStopLimit,3500
AddStop,3400
AddStopLimit,4700
AddStopLimit,3200
AddStopLimit,3800
AddStopLimit,3800
AddStop,13700
AddStop,1600
AddStop,4200
AddStop,3100
AddStopLimit,3800
AddStopLimit,3600
AddStop,3800
AddStopLimit,3900
AddStopLimit,3800
AddStop,14000
AddStop,4100
AddStop,3000
AddStop,3900
AddStopLimit,3700
AddStopLimit,4300
AddStopLimit,4300
AddStop,3000
AddStopLimit,3400
AddStopLimit,3600
AddStop,26000
AddStop,4200
AddStopLimit,4200
AddStop,3200
AddStopLimit,3600
AddStopLimit,3900
AddStopLimit,3600
AddStop,2800
AddStop,3200
AddStopLimit,3300
AddStop,2600
AddStop,2900
AddStop,3100
AddStop,5900
AddStopLimit,4900
AddStopLimit,3600
AddStopLimit,3100
AddStop,3200
AddStop,4000
AddStopLimit,3900
AddStop,3200
AddStop,3100
AddStop,3600
AddStopLimit,3100
AddStop,2500
AddStop,3700
AddStop,3800
AddStopLimit,3100
AddStop,5100
AddStop,3600
AddStopLimit,4100
AddStop,3000
AddStopLimit,3900
AddStop,2700
AddStopLimit,3700
AddStopLimit,4500
AddStopLimit,3900
AddStopLimit,3200
AddStopLimit,3400
AddStop,4900
AddStop,2900
AddStop,3400
AddStop,2800
AddStopLimit,3600
AddStop,3100
AddStopLimit,3800
AddStopLimit,3600
AddStopLimit,3000
AddStop,3400
AddStopLimit,2600
AddStopLimit,8700
AddStop,6500
AddStopLimit,3900
AddStop,4200
AddStop,4600
AddStop,3400
AddStopLimit,4400
AddStopLimit,4300
AddStop,3400
AddStopLimit,4800
AddStopLimit,4200
AddStop,4000
AddStopLimit,4700
AddStopLimit,4000
AddStopLimit,3600
AddStop,4000
AddStop,3100
AddStopLimit,12500
AddStopLimit,3300
AddStopLimit,4300
AddStop,3500
AddStopLimit,4300
AddStopLimit,3900
AddStop,3300
AddStop,3600
AddStopLimit,3400
AddStop,3000
AddStop,3000
AddStopLimit,16700
AddStop,3400
AddStop,3200
AddStopLimit,3400
AddStopLimit,3900
AddStop,3900
AddStop,4200
AddStop,3300
AddStopLimit,3400
AddStop,3400
AddStopLimit,4300
AddStop,3500
AddStopLimit,3900
AddStop,4300
AddStop,4700
AddStopLimit,4600
AddStopLimit,5000
AddStopLimit,20200
AddStopLimit,3100
AddStopLimit,3900
AddStop,3000
AddStop,3500
AddStop,3000
AddStopLimit,3600
AddStop,2800
AddStopLimit,3000
AddStop,2600
AddStopLimit,3500
AddStopLimit,2800
AddStopLimit,2700
AddStop,2300
AddStopLimit,2900
AddStopLimit,3100
AddStop,3100
AddStop,2900
AddStop,2500
AddStop,2500
AddStop,6300
AddStop,2800
AddStop,3000
AddStop,3300
AddStopLimit,2700
AddStopLimit,2700
AddStop,2700
AddStop,3500
AddStopLimit,3200
AddStop,3100
AddStop,2700
AddStop,2500
AddStop,2400
AddStopLimit,3000
AddStop,3000
AddStopLimit,2900
AddStopLimit,2700
AddStop,2600
AddStop,2400
AddStopLimit,2900
AddStopLimit,3800
AddStopLimit,3300
AddStopLimit,2700
AddStopLimit,3200
AddStop,2900
AddStop,2400
AddStopLimit,3200
AddStop,2400
AddStop,3200
AddStop,2400
AddStop,3000
AddStop,2400
AddStop,3100
AddStop,14200
AddStop,3100
AddStop,2500
AddStop,2900
AddStop,3100
AddStopLimit,2700
AddStop,2500
AddStop,14000
AddStopLimit,2700
AddStop,3300
AddStopLimit,2500
AddStop,3100
AddStopLimit,2700
AddStopLimit,2700
AddStopLimit,2700
AddStop,1400
AddStopLimit,2700
AddStopLimit,2700
AddStopLimit,2800
AddStop,2400
AddStopLimit,3100
AddStop,2500
AddStopLimit,4700
AddStop,3000
AddStopLimit,2700
AddStop,2400
AddStopLimit,3000
AddStopLimit,4200
AddStopLimit,2900
AddStop,3100
AddStop,2400
AddStop,2400
AddStopLimit,3400
AddStopLimit,2900
AddStopLimit,3000
AddStop,2500
AddStopLimit,2800
AddStopLimit,2600
AddStopLimit,2700
AddStopLimit,3300
AddStop,3200
AddStopLimit,3200
AddStopLimit,3100
AddStop,3100
AddStopLimit,2800
AddStopLimit,2700
AddStop,2500
AddStopLimit,2500
AddStop,2600
AddStopLimit,2700
AddStopLimit,3200
AddStop,3100
AddStop,3000
AddStop,2700
AddStopLimit,2700
AddStopLimit,2600
AddStop,2600
AddStop,2900
AddStopLimit,3400
AddStopLimit,2600
AddStopLimit,3400
AddStopLimit,799400
AddStopLimit,9000
AddStopLimit,4400
AddStopLimit,4000
AddStop,3700
AddStop,3700
AddStop,2800
AddStopLimit,3900
AddStopLimit,2800
AddStop,3100
AddStopLimit,3100
AddStop,3300
AddStop,3200
AddStopLimit,3100
AddStop,3300
AddStopLimit,3200
AddStop,2900
AddStopLimit,3000
AddStop,3100
AddStop,1700
AddStopLimit,3500
AddStopLimit,3600
AddStopLimit,4000
AddStop,2800
AddStopLimit,3900
AddStopLimit,3600
AddStopLimit,3000
AddStop,3300
AddStopLimit,3500
AddStop,2700
AddStop,2500
AddStop,2800
AddStop,3500
AddStopLimit,10300
AddStopLimit,3000
AddStopLimit,3300
AddStopLimit,3000
AddStopLimit,3500
AddStopLimit,3700
AddStop,2700
AddStopLimit,3700
AddStop,2900
AddStop,2800
AddStop,3000
AddStopLimit,2500
AddStop,2500
AddStopLimit,3900
AddStopLimit,4700
AddStop,3000
AddStop,3600
AddStop,2500
AddStop,2300
AddStopLimit,3500
AddStop,3400
AddStop,3700
AddStopLimit,3400
AddStopLimit,4600
AddStop,3200
AddStop,2800
AddStop,2700
AddStop,2600
AddStop,2800
AddStop,4300
AddStop,2800
AddStop,3700
AddStopLimit,3100
AddStop,2900
AddStopLimit,3200
AddStopLimit,3000
AddStop,2800
AddStop,3000
AddStopLimit,2600
AddStopLimit,2500
AddStopLimit,2400
AddStopLimit,2200
AddStop,2600
AddStop,2800
AddStopLimit,2800
AddStop,3500
AddStop,4300
AddStopLimit,2400
AddStopLimit,2300
AddStop,3000
AddStopLimit,6200
AddStopLimit,3700
AddStopLimit,3300
AddStop,4100
AddStop,3700
AddStopLimit,5000
AddStop,2900
AddStopLimit,3700
AddStop,2700
AddStop,2700
AddStop,4000
AddStopLimit,3900
AddStop,4400
AddStopLimit,3900
AddStopLimit,2800
AddStopLimit,3700
AddStop,3100
AddStopLimit,2900
AddStopLimit,3200
AddStop,2700
AddStopLimit,4700
AddStopLimit,3400
AddStop,3500
AddStopLimit,3900
AddStop,4800
AddStop,3000
AddStopLimit,3200
AddStopLimit,3000
AddStop,3800
AddStop,3300
AddStopLimit,3700
AddStop,3200
AddStop,2800
AddStopLimit,3200
AddStopLimit,2900
AddStopLimit,7600
AddStop,2800
AddStop,2400
AddStopLimit,3200
AddStop,3400
AddStop,3100
AddStop,3400
AddStop,2700
AddStop,3000
AddStopLimit,3100
AddStopLimit,3000
AddStop,4100
AddStopLimit,3500
AddStopLimit,2900
AddStopLimit,2900
AddStopLimit,3600
AddStopLimit,3500
AddStopLimit,127400
AddStopLimit,9200
AddStop,4700
AddStopLimit,4300
AddStop,3900
AddStopLimit,4200
AddStop,5300
AddStopLimit,4100
AddStop,4000
AddStopLimit,4200
AddStop,3900
AddStopLimit,5400
AddStop,4100
AddStopLimit,3700
AddStopLimit,4300
AddStopLimit,3900
AddStop,3700
AddStopLimit,3900
AddStopLimit,4000
AddStop,3300
AddStop,4000
AddStop,3700
AddStopLimit,4100
AddStop,5000
AddStopLimit,4000
AddStop,4300
AddStopLimit,4300
AddStopLimit,4100
AddStopLimit,3400
AddStopLimit,4000
AddStopLimit,4500
AddStop,3000
AddStop,3500
AddStopLimit,3700
AddStop,3200
AddStop,4800
AddStopLimit,3500
AddStopLimit,3600
AddStopLimit,3200
AddStop,3300
AddStop,3400
AddStop,4000
AddStop,4500
AddStopLimit,4100
AddStop,3600
AddStop,3300
AddStop,5800
AddStopLimit,3700
AddStop,4700
AddStopLimit,4200
AddStopLimit,4800
AddStop,3800
AddStopLimit,4300
AddStop,4300
AddStopLimit,4400
AddStop,4300
AddStop,3900
AddStop,3400
AddStopLimit,4000
AddStopLimit,3900
AddStop,4000
AddStopLimit,4900
AddStopLimit,4300
AddStopLimit,4000
AddStop,4000
AddStopLimit,4300
AddStopLimit,5000
AddStopLimit,4900
AddStop,3600
AddStopLimit,16800
AddStop,3800
AddStop,4600
AddStopLimit,4300
AddStop,4100
AddStop,4700
AddStopLimit,3800
AddStopLimit,4200
AddStop,4100
AddStopLimit,4500
AddStopLimit,4100
AddStop,3300
AddStopLimit,3700
AddStopLimit,4000
AddStop,3600
AddStop,5600
AddStopLimit,5800
AddStop,3700
AddStopLimit,3700
AddStop,3200
AddStopLimit,4800
AddStopLimit,4100
AddStop,6000
AddStop,3600
AddStop,4800
AddStopLimit,3700
AddStopLimit,3900
AddStopLimit,4400
AddStopLimit,3500
AddStop,3000
AddStop,3400
AddStop,91800
AddStop,8300
AddStopLimit,4700
AddStop,3500
AddStopLimit,4300
AddStopLimit,3400
AddStopLimit,3300
AddStopLimit,3100
AddStopLimit,3000
AddStop,3300
AddStopLimit,61000
AddStopLimit,6300
AddStopLimit,3800
AddStopLimit,5200
AddStopLimit,4900
AddStop,3700
AddStopLimit,3400
AddStop,3100
AddStop,4300
AddStopLimit,3800
AddStop,4500
AddStopLimit,3900
AddStop,4300
AddStopLimit,4300
AddStop,3000
AddStopLimit,4000
AddStop,3300
AddStop,3200
AddStopLimit,2900
AddStopLimit,3400
AddStop,3300
AddStop,3200
AddStop,3500
AddStop,3400
AddStopLimit,3900
AddStopLimit,5400
AddStop,4200
AddStop,3200
AddStop,3100
AddStopLimit,4800
AddStopLimit,3200
AddStop,2700
AddStop,3600
AddStopLimit,4000
AddStop,3000
AddStopLimit,3600
AddStopLimit,2700
AddStop,3300
AddStop,3300
AddStop,2700
AddStopLimit,2700
AddStopLimit,4000
AddStop,3000
AddStopLimit,5100
AddStopLimit,20000
AddStop,3600
AddStopLimit,3900
AddStopLimit,3300
AddStopLimit,3300
AddStop,3800
AddStop,3800
AddStop,5000
AddStop,2500
AddStopLimit,4100
AddStopLimit,3600
AddStopLimit,3400
AddStopLimit,3300
AddStopLimit,7600
AddStopLimit,4400
AddStop,4200
AddStopLimit,3500
AddStopLimit,3300
AddStop,3100
AddStop,3000
AddStop,3700
AddStop,5400
AddStopLimit,3300
AddStop,3100
AddStop,3200
AddStop,3600
AddStop,3100
AddStop,3100
AddStop,3000
AddStop,3000
AddStopLimit,3200
AddStopLimit,3600
AddStop,2500
AddStopLimit,3800
AddStopLimit,4000
AddStop,2800
AddStop,3700
AddStop,3000
AddStopLimit,2800
AddStopLimit,3600
AddStopLimit,4000
AddStopLimit,3200
AddStop,2700
AddStopLimit,3700
AddStop,2900
AddStopLimit,3200
AddStopLimit,3400
AddStopLimit,3100
AddStop,2700
AddStop,2800
AddStopLimit,3000
AddStop,3200
AddStop,3700
AddStop,2900
AddStopLimit,2900
AddStop,3100
AddStop,3100
AddStopLimit,3200
AddStopLimit,2800
AddStopLimit,4100
AddStopLimit,4100
AddStop,3200
AddStopLimit,2900
AddStopLimit,3400
AddStop,3100
AddStopLimit,4000
AddStop,2700
AddStop,3500
AddStopLimit,2600
AddStopLimit,2900
AddStop,20800
AddStop,3200
AddStop,3100
AddStopLimit,3500
AddStopLimit,3100
AddStop,3200
AddStop,3200
AddStopLimit,3000
AddStop,2800
AddStop,3000
AddStopLimit,2900
AddStopLimit,2900
AddStop,2700
AddStopLimit,3600
AddStop,3000
AddStop,7500
AddStopLimit,3300
AddStopLimit,3600
AddStop,3000
AddStop,2900
AddStopLimit,2700
AddStopLimit,3400
AddStopLimit,3100
AddStopLimit,3500
AddStopLimit,3000
AddStop,3700
AddStopLimit,2600
AddStop,2600
AddStopLimit,3300
AddStop,2900
AddStop,2900
AddStop,3100
AddStop,2800
AddStop,3000
AddStopLimit,3400
AddStop,3200
AddStopLimit,3200
AddStop,3400
AddStop,3000
AddStopLimit,3000
AddStopLimit,3400
AddStopLimit,3400
AddStop,3100
AddStopLimit,49100
AddStop,4100
AddStop,2700
AddStop,2300
AddStopLimit,2900
AddStopLimit,2300
AddStop,2800
AddStopLimit,2300
AddStopLimit,4100
AddStop,2400
AddStopLimit,2300
AddStopLimit,2300
AddStopLimit,2400
AddStop,2200
AddStop,2600
AddStopLimit,2400
AddStop,3600
AddStop,3600
AddStop,2400
AddStopLimit,2400
AddStopLimit,2300
AddStop,2200
AddStop,2100
AddStopLimit,2600
AddStop,2200
AddStop,2200
AddStop,2400
AddStopLimit,2200
AddStop,2200
AddStopLimit,2800
AddStop,2900
AddStopLimit,2700
AddStopLimit,2400
AddStopLimit,2600
AddStopLimit,2100
AddStopLimit,2100
AddStopLimit,2400
AddStopLimit,2300
AddStopLimit,2800
AddStop,2300
AddStopLimit,2800
AddStopLimit,2500
AddStopLimit,2700
AddStop,2200
AddStopLimit,2800
AddStopLimit,2300
AddStop,2300
AddStop,3200
AddStopLimit,2500
AddStop,2500
AddStopLimit,2400
AddStop,2000
AddStopLimit,2300
AddStop,2000
AddStop,2300
AddStopLimit,9100
AddStop,2500
AddStop,1900
AddStopLimit,10900
AddStop,2500
AddStopLimit,2600
AddStop,2400
AddStop,2200
AddStop,1900
AddStopLimit,2300
AddStop,2100
AddStopLimit,2200
AddStopLimit,2600
AddStop,2100
AddStopLimit,2200
AddStopLimit,2400
AddStopLimit,2200
AddStopLimit,2100
AddStopLimit,2400
AddStop,2100
AddStop,2300
AddStopLimit,2200
AddStopLimit,2300
AddStop,2200
AddStopLimit,2300
AddStopLimit,2100
AddStopLimit,2200
AddStopLimit,2300
AddStop,2100
AddStop,2200
AddStop,2200
AddStop,1900
AddStopLimit,4700
AddStopLimit,4700
AddStopLimit,3400
AddStopLimit,2400
AddStopLimit,2500
AddStop,2000
AddStop,1900
AddStop,2100
AddStopLimit,2300
AddStopLimit,2300
AddStopLimit,2100
AddStop,2000
AddStopLimit,2300
AddStopLimit,2100
AddStopLimit,3100
AddStop,3700
AddStopLimit,3600
AddStopLimit,3600
AddStop,9200
AddStop,12100
AddStopLimit,5500
AddStopLimit,18100
AddStopLimit,11700
AddStopLimit,4800
AddStopLimit,5500
AddStopLimit,4000
AddStop,3900
AddStopLimit,3800
AddStop,7800
AddStop,5300
AddStopLimit,5100
AddStop,3900
AddStopLimit,4300
AddStopLimit,7900
AddStop,4800
AddStop,3900
AddStopLimit,4100
AddStop,4300
AddStopLimit,6600
AddStopLimit,8400
AddStop,4500
AddStop,3200
AddStopLimit,3100
AddStopLimit,3100
AddStop,2800
AddStop,2700
AddStop,2900
AddStopLimit,2900
AddStop,2800
AddStopLimit,3200
AddStopLimit,2800
AddStopLimit,2800
AddStop,3000
AddStopLimit,2600
AddStopLimit,2700
AddStopLimit,2700
AddStopLimit,3000
AddStop,2700
AddStopLimit,10900
AddStopLimit,3000
AddStopLimit,3000
AddStop,2600
AddStopLimit,3100
AddStopLimit,2600
AddStopLimit,3200
AddStop,2800
AddStop,2700
AddStop,2300
AddStop,4500
AddStopLimit,3000
AddStop,2600
AddStop,2700
AddStop,2600
AddStopLimit,2700
AddStopLimit,2600
AddStopLimit,2800
AddStop,2600
AddStopLimit,2500
AddStop,2600
AddStopLimit,3500
AddStopLimit,2700
AddStop,2700
AddStop,2600
AddStopLimit,2800
AddStop,3300
AddStopLimit,2500
AddStop,2300
AddStop,2500
AddStop,2600
AddStopLimit,2500
AddStopLimit,2800
AddStop,2600
AddStop,2400
AddStopLimit,2700
AddStopLimit,2800
AddStop,2700
AddStopLimit,3200
AddStopLimit,2700
AddStop,2400
AddStopLimit,2500
AddStopLimit,3300
AddStop,2500
AddStop,2600
AddStopLimit,2800
AddStop,2800
AddStopLimit,2700
AddStopLimit,3000
AddStopLimit,2800
AddStop,3100
AddStopLimit,2600
AddStop,2400
AddStop,2600
AddStopLimit,2600
AddStop,2600
AddStop,2500
AddStopLimit,2600
AddStopLimit,2600
AddStop,3400
AddStop,2800
AddStop,2400
AddStopLimit,2500
AddStopLimit,2500
AddStopLimit,2500
AddStop,2300
AddStopLimit,2600
AddStopLimit,2800
AddStopLimit,2600
AddStop,2300
AddStopLimit,2600
AddStopLimit,3000
AddStopLimit,2700
AddStop,3400
AddStopLimit,2700
AddStop,2700
AddStop,2700
AddStop,2500
AddStopLimit,2800
AddStop,2300
AddStop,2300
AddStop,2400
AddStop,2400
AddStopLimit,3300
AddStopLimit,2500
AddStopLimit,3900
AddStopLimit,2900
AddStop,6900
AddStopLimit,2700
AddStop,2600
AddStop,2500
AddStop,2300
AddStop,3200
AddStop,2300
AddStop,2400
AddStopLimit,3100
AddStop,2600
AddStop,2400
AddStopLimit,2800
AddStopLimit,2600
AddStop,2600
AddStopLimit,2500
AddStopLimit,2500
AddStopLimit,2500
AddStop,2500
AddStop,2600
AddStopLimit,2600
AddStopLimit,2800
AddStop,2500
AddStop,2500
AddStop,2500
AddStop,2500
AddStop,2300
AddStopLimit,2800
AddStopLimit,2600
AddStop,2300
AddStop,2400
AddStop,2600
AddStopLimit,2600
AddStop,2300
AddStop,2200
AddStop,2400
AddStop,2300
AddStop,2400
AddStop,2300
AddStop,2400
AddStopLimit,2500
AddStop,2500
AddStopLimit,2500
AddStopLimit,2900
AddStop,2300
AddStopLimit,2500
AddStop,2500
AddStopLimit,3200
AddStop,2300
AddStop,2300
AddStopLimit,2400
AddStop,2400
AddStopLimit,2500
AddStopLimit,2600
AddStop,2300
AddStop,2400
AddStop,2800
AddStop,2500
AddStopLimit,3100
AddStopLimit,3400
AddStop,2300
AddStop,2300
AddStopLimit,3000
AddStopLimit,2600
AddStop,2400
AddStopLimit,2500
AddStop,2300
AddStop,2400
AddStopLimit,2500
AddStopLimit,2400
AddStopLimit,2300
AddStop,2400
AddStop,2300
AddStop,2400
AddStop,2200
AddStopLimit,2700
AddStopLimit,2600
AddStopLimit,2400
AddStopLimit,2400
AddStopLimit,2500
AddStopLimit,10000
AddStopLimit,3000
AddStop,2300
AddStopLimit,2600
AddStopLimit,2600
AddStopLimit,2600
AddStopLimit,2500
AddStopLimit,6100
AddStop,2600
AddStopLimit,2600
